period,Term,Count
2025-11-03,according,8
2025-11-03,according designers,4
2025-11-03,apartment,4
2025-11-03,comeback,2
2025-11-03,decor,10
2025-11-03,decor trends,6
2025-11-03,decorating,2
2025-11-03,decoration,2
2025-11-03,decoration ideas,2
2025-11-03,design,6
2025-11-03,design trends,6
2025-11-03,design trends designers,2
2025-11-03,designers,12
2025-11-03,designers marthastewart,4
2025-11-03,elle,4
2025-11-03,elle decor,4
2025-11-03,experts,4
2025-11-03,feel,2
2025-11-03,feels,2
2025-11-03,forbes,4
2025-11-03,high,4
2025-11-03,holiday,2
2025-11-03,holiday decorating,2
2025-11-03,home,16
2025-11-03,home decor,2
2025-11-03,home decor trends,2
2025-11-03,home design,4
2025-11-03,home design trends,4
2025-11-03,home trends,8
2025-11-03,homes,4
2025-11-03,homes according,4
2025-11-03,ideas,4
2025-11-03,ideas make,2
2025-11-03,instead,2
2025-11-03,interior,6
2025-11-03,interior designers,6
2025-11-03,like,2
2025-11-03,living,2
2025-11-03,living home,1
2025-11-03,make,6
2025-11-03,make small,2
2025-11-03,marthastewart,6
2025-11-03,marthastewart home,3
2025-11-03,real,2
2025-11-03,real simple,2
2025-11-03,say,4
2025-11-03,set,4
2025-11-03,simple,2
2025-11-03,small,2
2025-11-03,small space,2
2025-11-03,southern,2
2025-11-03,southern living,2
2025-11-03,southern living home,1
2025-11-03,space,6
2025-11-03,spruce,6
2025-11-03,thecoolist,4
2025-11-03,think,2
2025-11-03,trend,2
2025-11-03,trends,20
2025-11-03,trends designers,2
2025-11-03,trends set,4
2025-11-10,according,4
2025-11-10,according designers,4
2025-11-10,beautiful,2
2025-11-10,dated,2
2025-11-10,decor,8
2025-11-10,decor trends,8
2025-11-10,design,4
2025-11-10,design trend,4
2025-11-10,designers,12
2025-11-10,designers say,2
2025-11-10,forbes,4
2025-11-10,home,12
2025-11-10,home design,4
2025-11-10,home design trend,4
2025-11-10,house,2
2025-11-10,house beautiful,2
2025-11-10,houzz,4
2025-11-10,instead,2
2025-11-10,interior,4
2025-11-10,interior designers,2
2025-11-10,interior trends,2
2025-11-10,living,2
2025-11-10,living room,2
2025-11-10,look,4
2025-11-10,making,2
2025-11-10,marthastewart,2
2025-11-10,marthastewart home,1
2025-11-10,outdated,2
2025-11-10,predictions,4
2025-11-10,real,6
2025-11-10,real simple,6
2025-11-10,room,2
2025-11-10,say,2
2025-11-10,simple,6
2025-11-10,spruce,2
2025-11-10,trend,4
2025-11-10,trend predictions,4
2025-11-10,trends,12
2025-11-10,trends designers,2
2025-11-10,trends making,2
2025-11-10,trends year,2
2025-11-10,year,2
2025-11-17,according,4
2025-11-17,according designers,4
2025-11-17,agree,4
2025-11-17,apartment,2
2025-11-17,apartment therapy,2
2025-11-17,beautiful,2
2025-11-17,business,2
2025-11-17,buzzfeed,2
2025-11-17,clever,2
2025-11-17,decorating,2
2025-11-17,design,10
2025-11-17,design trends,8
2025-11-17,designer,4
2025-11-17,designers,12
2025-11-17,designers agree,4
2025-11-17,designers marthastewart,4
2025-11-17,designers say,2
2025-11-17,feel,2
2025-11-17,garden,2
2025-11-17,gardens,2
2025-11-17,genius,2
2025-11-17,good,4
2025-11-17,good housekeeping,4
2025-11-17,good housekeeping designers,2
2025-11-17,holiday,2
2025-11-17,holiday decorating,2
2025-11-17,home,6
2025-11-17,home trends,6
2025-11-17,homes,2
2025-11-17,homes gardens,2
2025-11-17,house,4
2025-11-17,house beautiful,2
2025-11-17,housekeeping,4
2025-11-17,housekeeping designers,2
2025-11-17,interior,10
2025-11-17,interior design,8
2025-11-17,interior design trends,8
2025-11-17,interior trends,2
2025-11-17,living,6
2025-11-17,living room,4
2025-11-17,make,2
2025-11-17,make small,2
2025-11-17,marthastewart,4
2025-11-17,officially,4
2025-11-17,outdated,6
2025-11-17,room,6
2025-11-17,say,2
2025-11-17,small,4
2025-11-17,small living,2
2025-11-17,small living room,2
2025-11-17,small space,2
2025-11-17,southern,2
2025-11-17,southern living,2
2025-11-17,space,4
2025-11-17,spruce,2
2025-11-17,therapy,2
2025-11-17,time,2
2025-11-17,transform,2
2025-11-17,trees,2
2025-11-17,trends,16
2025-11-17,trends designers,2
2025-11-17,trends designers say,2
2025-11-17,way,2
2025-11-17,ways,4
2025-11-24,apartment,2
2025-11-24,apartment therapy,2
2025-11-24,beautiful,4
2025-11-24,bedroom,2
2025-11-24,bedroom design,2
2025-11-24,better,2
2025-11-24,bigger,2
2025-11-24,chic,4
2025-11-24,color,4
2025-11-24,decor,6
2025-11-24,decor trends,2
2025-11-24,decorating,6
2025-11-24,decorating trends,2
2025-11-24,design,12
2025-11-24,design trends,10
2025-11-24,design trends designers,4
2025-11-24,designers,10
2025-11-24,designers say,4
2025-11-24,elle,4
2025-11-24,elle decor,4
2025-11-24,feel,2
2025-11-24,gardens,6
2025-11-24,good,6
2025-11-24,good housekeeping,6
2025-11-24,good housekeeping designers,2
2025-11-24,home,14
2025-11-24,home decor,2
2025-11-24,home decor trends,2
2025-11-24,home design,2
2025-11-24,home trends,8
2025-11-24,homes,6
2025-11-24,homes gardens,6
2025-11-24,house,4
2025-11-24,house beautiful,4
2025-11-24,housekeeping,6
2025-11-24,housekeeping designers,2
2025-11-24,housekeeping designers say,2
2025-11-24,huge,2
2025-11-24,ideas,4
2025-11-24,ideas make,2
2025-11-24,ideas maximize,2
2025-11-24,inspiring,4
2025-11-24,inspiring home,4
2025-11-24,interior,10
2025-11-24,interior design,4
2025-11-24,interior design trends,4
2025-11-24,interior designers,2
2025-11-24,interior trends,4
2025-11-24,just,2
2025-11-24,living,4
2025-11-24,living room,2
2025-11-24,make,2
2025-11-24,marthastewart,2
2025-11-24,maximize,2
2025-11-24,personality,4
2025-11-24,real,2
2025-11-24,room,4
2025-11-24,room ideas,4
2025-11-24,room ideas maximize,2
2025-11-24,say,4
2025-11-24,shared,2
2025-11-24,small,4
2025-11-24,small living,2
2025-11-24,small living room,2
2025-11-24,southern,2
2025-11-24,southern living,2
2025-11-24,space,2
2025-11-24,style,2
2025-11-24,thecoolist,2
2025-11-24,thecoolist small,1
2025-11-24,therapy,2
2025-11-24,think,4
2025-11-24,timeless,2
2025-11-24,trends,28
2025-11-24,trends designers,4
2025-11-24,trends good,6
2025-11-24,trends good housekeeping,6
2025-11-24,trends home,2
2025-11-24,trends year,4
2025-11-24,viral,4
2025-11-24,year,4
2025-12-01,according,6
2025-12-01,according experts,6
2025-12-01,apartment,8
2025-12-01,apartment therapy,6
2025-12-01,art,2
2025-12-01,art deco,2
2025-12-01,beautiful,2
2025-12-01,buzzfeed,4
2025-12-01,buzzfeed people,2
2025-12-01,christmas,2
2025-12-01,come,2
2025-12-01,country,2
2025-12-01,country living,2
2025-12-01,country living magazine,2
2025-12-01,deco,2
2025-12-01,decor,12
2025-12-01,decor ideas,2
2025-12-01,decor trend,4
2025-12-01,decor trends,6
2025-12-01,decorating,2
2025-12-01,decorating trends,2
2025-12-01,define,2
2025-12-01,design,14
2025-12-01,design trends,12
2025-12-01,designers,10
2025-12-01,designers say,4
2025-12-01,digest,2
2025-12-01,experts,6
2025-12-01,furniture,2
2025-12-01,good,2
2025-12-01,good housekeeping,2
2025-12-01,good housekeeping designers,1
2025-12-01,holiday,4
2025-12-01,home,18
2025-12-01,home decor,6
2025-12-01,home decor ideas,2
2025-12-01,home decor trend,2
2025-12-01,home decor trends,2
2025-12-01,home design,6
2025-12-01,home design trends,4
2025-12-01,house,4
2025-12-01,house beautiful,2
2025-12-01,house digest,2
2025-12-01,housekeeping,2
2025-12-01,housekeeping designers,1
2025-12-01,housekeeping designers say,1
2025-12-01,houzz,2
2025-12-01,ideas,4
2025-12-01,interior,6
2025-12-01,interior design,6
2025-12-01,interior design trends,6
2025-12-01,know,4
2025-12-01,living,6
2025-12-01,living home,2
2025-12-01,living magazine,2
2025-12-01,magazine,2
2025-12-01,make,2
2025-12-01,makeover,2
2025-12-01,marthastewart,4
2025-12-01,officially,2
2025-12-01,outdated,2
2025-12-01,people,4
2025-12-01,room,4
2025-12-01,say,4
2025-12-01,set,2
2025-12-01,small,2
2025-12-01,southern,4
2025-12-01,southern living,4
2025-12-01,southern living home,2
2025-12-01,spruce,4
2025-12-01,thecoolist,2
2025-12-01,thecoolist small,1
2025-12-01,therapy,6
2025-12-01,tiny,2
2025-12-01,trees,2
2025-12-01,trend,4
2025-12-01,trending,2
2025-12-01,trends,22
2025-12-01,trends set,2
2025-12-01,year,4
2025-12-08,according,4
2025-12-08,according designers,2
2025-12-08,agree,6
2025-12-08,announced,2
2025-12-08,apartment,4
2025-12-08,apartment therapy,4
2025-12-08,archdaily,12
2025-12-08,archdaily gallery,5
2025-12-08,archdaily gallery interior,5
2025-12-08,bathroom,2
2025-12-08,beautiful,2
2025-12-08,bedroom,2
2025-12-08,best,2
2025-12-08,better,2
2025-12-08,business,2
2025-12-08,buzzfeed,6
2025-12-08,buzzfeed people,2
2025-12-08,christmas,2
2025-12-08,comeback,2
2025-12-08,dated,2
2025-12-08,decor,10
2025-12-08,decor ideas,2
2025-12-08,decor trends,4
2025-12-08,decorating,2
2025-12-08,decorating trends,2
2025-12-08,define,2
2025-12-08,design,26
2025-12-08,design trend,2
2025-12-08,design trends,24
2025-12-08,design trends archdaily,12
2025-12-08,designers,6
2025-12-08,designers agree,2
2025-12-08,digest,2
2025-12-08,elle,2
2025-12-08,elle decor,2
2025-12-08,feel,2
2025-12-08,gallery,10
2025-12-08,gallery interior,10
2025-12-08,gallery interior design,10
2025-12-08,gardens,2
2025-12-08,good,4
2025-12-08,good housekeeping,2
2025-12-08,home,8
2025-12-08,home design,6
2025-12-08,home design trends,6
2025-12-08,home trends,2
2025-12-08,homes,8
2025-12-08,homes according,2
2025-12-08,homes gardens,2
2025-12-08,house,4
2025-12-08,house beautiful,2
2025-12-08,house digest,2
2025-12-08,housekeeping,2
2025-12-08,huge,2
2025-12-08,ideas,2
2025-12-08,instantly,2
2025-12-08,interior,20
2025-12-08,interior design,18
2025-12-08,interior design trends,18
2025-12-08,interior designers,2
2025-12-08,just,2
2025-12-08,kitchen,2
2025-12-08,know,4
2025-12-08,living,6
2025-12-08,living room,4
2025-12-08,look,2
2025-12-08,magazine,2
2025-12-08,make,2
2025-12-08,making,2
2025-12-08,need,4
2025-12-08,new,2
2025-12-08,people,6
2025-12-08,pinterest,6
2025-12-08,popular,2
2025-12-08,real,2
2025-12-08,real simple,2
2025-12-08,release,2
2025-12-08,room,4
2025-12-08,shares,2
2025-12-08,simple,2
2025-12-08,small,4
2025-12-08,small bedroom,2
2025-12-08,small spaces,2
2025-12-08,southern,2
2025-12-08,southern living,2
2025-12-08,spaces,2
2025-12-08,spruce,2
2025-12-08,style,4
2025-12-08,stylish,2
2025-12-08,surprising,4
2025-12-08,thecoolist,2
2025-12-08,thecoolist small,1
2025-12-08,therapy,4
2025-12-08,tiny,2
2025-12-08,trend,2
2025-12-08,trends,34
2025-12-08,trends archdaily,12
2025-12-08,trends archdaily gallery,5
2025-12-08,trends making,2
2025-12-08,year,8
2025-12-15,according,3
2025-12-15,according designers,2
2025-12-15,aesthetic,8
2025-12-15,affordable,4
2025-12-15,air,6
2025-12-15,align,10
2025-12-15,align center,10
2025-12-15,alt,10
2025-12-15,alt class,10
2025-12-15,alt class attachment,10
2025-12-15,announced,2
2025-12-15,aol,6
2025-12-15,apartment,31
2025-12-15,apartment decor,7
2025-12-15,apartment therapy,2
2025-12-15,architects,6
2025-12-15,architectural,12
2025-12-15,architecture,8
2025-12-15,area,6
2025-12-15,art,13
2025-12-15,art deco,4
2025-12-15,attachment,10
2025-12-15,attachment post,10
2025-12-15,attachment post thumbnail,10
2025-12-15,bathroom,10
2025-12-15,beautiful,2
2025-12-15,beautifully,3
2025-12-15,bedroom,18
2025-12-15,bedroom design,2
2025-12-15,best,4
2025-12-15,better,2
2025-12-15,bigger,3
2025-12-15,budget,8
2025-12-15,budget friendly,3
2025-12-15,building,10
2025-12-15,business,2
2025-12-15,buzzfeed,4
2025-12-15,calm,10
2025-12-15,casa,7
2025-12-15,casa estilo,6
2025-12-15,casa estilo estilodevida,6
2025-12-15,ceiling,7
2025-12-15,center,10
2025-12-15,chic,2
2025-12-15,christmas,34
2025-12-15,christmas casa,6
2025-12-15,christmas casa estilo,6
2025-12-15,christmas trends,6
2025-12-15,christmas trends tendencias,6
2025-12-15,city,4
2025-12-15,class,40
2025-12-15,class attachment,10
2025-12-15,class attachment post,10
2025-12-15,class rws,30
2025-12-15,class rws excerpt,10
2025-12-15,class rws img,10
2025-12-15,class rws title,10
2025-12-15,clean,5
2025-12-15,clever,3
2025-12-15,color,4
2025-12-15,colors,5
2025-12-15,come,4
2025-12-15,comeback,8
2025-12-15,como,7
2025-12-15,como decorar,6
2025-12-15,como decorar decor,6
2025-12-15,compact,5
2025-12-15,construction,4
2025-12-15,contemporaneo,6
2025-12-15,contemporaneo estilocontemporaneo,6
2025-12-15,contemporary,7
2025-12-15,contemporary contemporaneo,6
2025-12-15,contemporary contemporaneo estilocontemporaneo,6
2025-12-15,country,6
2025-12-15,country living,4
2025-12-15,country living magazine,4
2025-12-15,cozy,7
2025-12-15,craft,12
2025-12-15,create,3
2025-12-15,curated,4
2025-12-15,dated,2
2025-12-15,deco,6
2025-12-15,decor,82
2025-12-15,decor christmas,7
2025-12-15,decor christmas casa,6
2025-12-15,decor design,6
2025-12-15,decor design trends,6
2025-12-15,decor idea,5
2025-12-15,decor ideas,23
2025-12-15,decor ideas budget,4
2025-12-15,decor trend,12
2025-12-15,decor trends,4
2025-12-15,decorar,6
2025-12-15,decorar decor,6
2025-12-15,decorar decor design,6
2025-12-15,decorating,8
2025-12-15,decorating ideas,4
2025-12-15,decorating trends,2
2025-12-15,decoration,6
2025-12-15,decoration ideas,5
2025-12-15,define,2
2025-12-15,design,96
2025-12-15,design ideas,16
2025-12-15,design ideas interior,4
2025-12-15,design living,3
2025-12-15,design living room,3
2025-12-15,design shorts,5
2025-12-15,design trend,3
2025-12-15,design trends,33
2025-12-15,design trends designers,4
2025-12-15,design trends home,7
2025-12-15,designed,6
2025-12-15,designer,7
2025-12-15,designers,18
2025-12-15,designers say,6
2025-12-15,digest,12
2025-12-15,dining,5
2025-12-15,discover,4
2025-12-15,div,20
2025-12-15,div class,10
2025-12-15,div class rws,10
2025-12-15,diy,26
2025-12-15,door,10
2025-12-15,dream,5
2025-12-15,elegance,5
2025-12-15,elegant,8
2025-12-15,estilo,6
2025-12-15,estilo estilodevida,6
2025-12-15,estilo estilodevida moderno,6
2025-12-15,estilocontemporaneo,6
2025-12-15,estilodevida,6
2025-12-15,estilodevida moderno,6
2025-12-15,estilodevida moderno modern,6
2025-12-15,excerpt,10
2025-12-15,experts,2
2025-12-15,explores,4
2025-12-15,family,5
2025-12-15,feel,9
2025-12-15,feels,4
2025-12-15,floor,5
2025-12-15,flower,3
2025-12-15,forbes,4
2025-12-15,forest,3
2025-12-15,friendly,3
2025-12-15,functional,5
2025-12-15,furniture,4
2025-12-15,garden,3
2025-12-15,gardens,7
2025-12-15,genius,2
2025-12-15,glass,3
2025-12-15,going,6
2025-12-15,height,10
2025-12-15,height src,10
2025-12-15,height src width,10
2025-12-15,high,3
2025-12-15,holiday,3
2025-12-15,holiday decorating,2
2025-12-15,home,99
2025-12-15,home decor,45
2025-12-15,home decor christmas,6
2025-12-15,home decor idea,5
2025-12-15,home decor ideas,13
2025-12-15,home decor trend,4
2025-12-15,home decor trends,2
2025-12-15,home design,13
2025-12-15,home design trend,2
2025-12-15,home design trends,11
2025-12-15,home trends,2
2025-12-15,homedecor,19
2025-12-15,homes,16
2025-12-15,homes gardens,6
2025-12-15,house,33
2025-12-15,house digest,10
2025-12-15,huge,1
2025-12-15,idea,9
2025-12-15,ideas,74
2025-12-15,ideas budget,4
2025-12-15,ideas home,7
2025-12-15,ideas home decor,6
2025-12-15,ideas interior,4
2025-12-15,ideas interior design,4
2025-12-15,ideas make,2
2025-12-15,ideas maximize,3
2025-12-15,ideas shorts,6
2025-12-15,image,10
2025-12-15,image height,10
2025-12-15,image height src,10
2025-12-15,img,10
2025-12-15,img alt,10
2025-12-15,img alt class,10
2025-12-15,inside,5
2025-12-15,inspiring,2
2025-12-15,inspiring home,2
2025-12-15,instantly,2
2025-12-15,instead,2
2025-12-15,interior,56
2025-12-15,interior design,34
2025-12-15,interior design ideas,10
2025-12-15,interior design shorts,3
2025-12-15,interior design trends,7
2025-12-15,interior designer,5
2025-12-15,interior designers,2
2025-12-15,interior trends,1
2025-12-15,interiordesign,12
2025-12-15,interiors,6
2025-12-15,international,9
2025-12-15,just,7
2025-12-15,kitchen,12
2025-12-15,latest,6
2025-12-15,life,7
2025-12-15,like,4
2025-12-15,living,28
2025-12-15,living magazine,4
2025-12-15,living room,14
2025-12-15,living room interior,6
2025-12-15,located,3
2025-12-15,look,12
2025-12-15,luxurious,4
2025-12-15,luxury,20
2025-12-15,luxury home,4
2025-12-15,magazine,4
2025-12-15,make,9
2025-12-15,make small,1
2025-12-15,makeover,2
2025-12-15,making,7
2025-12-15,maximize,3
2025-12-15,modern,31
2025-12-15,modern contemporary,6
2025-12-15,modern contemporary contemporaneo,6
2025-12-15,moderno,6
2025-12-15,moderno modern,6
2025-12-15,moderno modern contemporary,6
2025-12-15,nature,3
2025-12-15,navidad,6
2025-12-15,navidad como,6
2025-12-15,navidad como decorar,6
2025-12-15,need,3
2025-12-15,new,27
2025-12-15,noopener,12
2025-12-15,noopener target,12
2025-12-15,outdated,2
2025-12-15,parisian,7
2025-12-15,people,1
2025-12-15,perfect,7
2025-12-15,personal,4
2025-12-15,personality,2
2025-12-15,pinterest,12
2025-12-15,popular,3
2025-12-15,post,31
2025-12-15,post image,10
2025-12-15,post image height,10
2025-12-15,post thumbnail,20
2025-12-15,post thumbnail post,10
2025-12-15,post thumbnail size,10
2025-12-15,predictions,4
2025-12-15,project,7
2025-12-15,real,6
2025-12-15,real simple,2
2025-12-15,region,3
2025-12-15,rel,12
2025-12-15,rel noopener,12
2025-12-15,rel noopener target,12
2025-12-15,release,3
2025-12-15,residential,5
2025-12-15,retreat,5
2025-12-15,room,27
2025-12-15,room decor,3
2025-12-15,room ideas,4
2025-12-15,room ideas maximize,3
2025-12-15,room interior,6
2025-12-15,rws,30
2025-12-15,rws excerpt,10
2025-12-15,rws img,10
2025-12-15,rws img alt,10
2025-12-15,rws title,10
2025-12-15,rws title style,10
2025-12-15,saving,5
2025-12-15,say,6
2025-12-15,seen,5
2025-12-15,set,3
2025-12-15,shared,3
2025-12-15,shares,3
2025-12-15,shop,5
2025-12-15,shorts,25
2025-12-15,shortsfeed,6
2025-12-15,simple,4
2025-12-15,site,3
2025-12-15,size,10
2025-12-15,size post,10
2025-12-15,size post thumbnail,10
2025-12-15,small,34
2025-12-15,small apartment,15
2025-12-15,small apartment decor,4
2025-12-15,small bedroom,4
2025-12-15,small living,1
2025-12-15,small living room,1
2025-12-15,small space,3
2025-12-15,small spaces,3
2025-12-15,smart,6
2025-12-15,social,6
2025-12-15,southern,4
2025-12-15,southern living,4
2025-12-15,space,19
2025-12-15,space saving,4
2025-12-15,spaces,10
2025-12-15,spruce,4
2025-12-15,src,10
2025-12-15,src width,10
2025-12-15,src width class,10
2025-12-15,step,4
2025-12-15,strong,7
2025-12-15,style,21
2025-12-15,style text,10
2025-12-15,style text align,10
2025-12-15,stylish,11
2025-12-15,surprising,2
2025-12-15,table,5
2025-12-15,target,12
2025-12-15,tendencias,6
2025-12-15,tendencias navidad,6
2025-12-15,tendencias navidad como,6
2025-12-15,text,10
2025-12-15,text align,10
2025-12-15,text align center,10
2025-12-15,therapy,2
2025-12-15,thumbnail,20
2025-12-15,thumbnail post,10
2025-12-15,thumbnail post image,10
2025-12-15,thumbnail size,10
2025-12-15,thumbnail size post,10
2025-12-15,time,4
2025-12-15,timeless,3
2025-12-15,times,9
2025-12-15,tiny,9
2025-12-15,title,12
2025-12-15,title style,10
2025-12-15,title style text,10
2025-12-15,transform,6
2025-12-15,transform small,3
2025-12-15,travel,6
2025-12-15,trees,4
2025-12-15,trend,27
2025-12-15,trend predictions,4
2025-12-15,trending,11
2025-12-15,trends,59
2025-12-15,trends designers,10
2025-12-15,trends designers say,4
2025-12-15,trends home,7
2025-12-15,trends home decor,6
2025-12-15,trends making,2
2025-12-15,trends tendencias,6
2025-12-15,trends tendencias navidad,6
2025-12-15,upgrade,3
2025-12-15,upgrade home,3
2025-12-15,veranda,6
2025-12-15,video,10
2025-12-15,video explores,4
2025-12-15,viral,4
2025-12-15,viralvideo,8
2025-12-15,wall,8
2025-12-15,watch,4
2025-12-15,way,2
2025-12-15,ways,1
2025-12-15,welcome,4
2025-12-15,width,10
2025-12-15,width class,10
2025-12-15,width class rws,10
2025-12-15,work,7
2025-12-15,year,8
2025-12-15,ytshorts,6
