source,domain,url,created_utc,title,text,query
rss,www.nytimes.com,https://www.nytimes.com/2025/11/19/style/melania-trump-mohammed-bin-salman-dinner.html,1763563030,Melania Trump’s Green Gown Signals Saudi Arabia Diplomatic Ties,"Melania Trump’s Green Gown Signals Saudi Arabia Diplomatic Ties

At the official dinner for Prince Mohammed bin Salman, the first lady offered an unexpected sign of allegiance.",
rss,www.nytimes.com,https://www.nytimes.com/2025/11/19/style/somerset-house-alan-eckstein.html,1763567106,What Are Fashion Expatriates Into? Home Design.,"What Are Fashion Expatriates Into? Home Design.

Somerset House, a five-year-old company that just opened a 10,000-square-foot showroom in Queens, is an example of what happens when fashion meets furniture.",
rss,www.nytimes.com,https://www.nytimes.com/2025/11/19/style/relationship-doubts.html,1763560803,I Am Ambivalent About My Boyfriend. Who Can I Talk to About It?,"I Am Ambivalent About My Boyfriend. Who Can I Talk to About It?

A reader wonders what to make of the reservations she’s having about a yearlong relationship, and whom to share them with.",
rss,www.nytimes.com,https://www.nytimes.com/2025/11/18/style/vanity-fair-hollywood-issue.html,1763505119,"Vanity Fair’s New Hollywood Issue, First Under New Editor, Is All About Men","Vanity Fair’s New Hollywood Issue, First Under New Editor, Is All About Men

Mark Guiducci gave his first issue of Vanity Fair over to the guys.",
rss,www.nytimes.com,https://www.nytimes.com/2025/11/18/style/sanae-takaichi-handbag.html,1763562695,The Most Impactful Political Handbag Since Mrs. Thatcher’s,"The Most Impactful Political Handbag Since Mrs. Thatcher’s

Sanae Takaichi, the new prime minister of Japan, makes a statement about work — with style.",
rss,www.nytimes.com,https://www.nytimes.com/2025/11/18/style/street-style-look-leopard-pants.html,1763474403,Street Style Look of the Week: Leopard Pants,"Street Style Look of the Week: Leopard Pants

Against an ensemble’s dark shades, a bold animal print jumped out.",
rss,www.nytimes.com,https://www.nytimes.com/2025/11/16/style/jeans-carter-anderson-indigo-invitational.html,1763333081,Carter Anderson’s Jeans Are Gigantic. His Internet Fame Is Too.,"Carter Anderson’s Jeans Are Gigantic. His Internet Fame Is Too.

Carter Anderson purchased an outrageous pair of pants to try to win a contest and became an unlikely social media star along the way.",
rss,www.nytimes.com,https://www.nytimes.com/2025/11/17/arts/design/met-museum-conde-nast-gallery-costume-institute.html,1763408916,"With New Condé M. Nast Galleries, the Met Museum Gets Fashion Forward","With New Condé M. Nast Galleries, the Met Museum Gets Fashion Forward

The Costume Institute is bringing its annual blockbuster show to a permanent home off the Grand Hall, thanks to Anna Wintour’s efforts to get “out of the basement.”",
rss,www.nytimes.com,https://www.nytimes.com/2025/11/16/style/cindy-eckert-pink-pill-addyi.html,1763287228,A Pill for Women’s Libido Meets a Cultural Moment,"A Pill for Women’s Libido Meets a Cultural Moment

A decade ago, Cindy Eckert struggled to convince skeptics about a drug for premenopausal women. Lately, her business is booming.",
rss,www.nytimes.com,https://www.nytimes.com/2025/11/19/podcasts/money-relationship-conversations-tips.html,1763546444,"How to Talk About Money in Your Relationship, According to a Personal Finance Coach","How to Talk About Money in Your Relationship, According to a Personal Finance Coach

Ramit Sethi, a personal finance author and coach, offers four lessons to help you stop arguing about money in your relationship and start living a “rich life” together.",
rss,www.nytimes.com,https://www.nytimes.com/2025/11/18/insider/gen-z-reporting.html,1763453062,She Knows What Gen Z Is Thinking,"She Knows What Gen Z Is Thinking

Callie Holtermann, who covers entertainment, internet culture and trends, combs TikTok — and her own conversations with friends — for story ideas.",
rss,www.nytimes.com,https://www.nytimes.com/2025/11/17/well/romantasy-books-sex-intimacy.html,1763393931,Sex Had Become a Chore. Then They Started Reading Romantasy.,"Sex Had Become a Chore. Then They Started Reading Romantasy.

The wildly popular fiction genre allows readers to talk openly about yearning, sex and desire. And it’s spilling over into their bedrooms.",
rss,www.nytimes.com,https://www.nytimes.com/2025/11/16/style/epstein-emails-reveal-a-lost-new-york.html,1763400302,Epstein Emails Reveal a Lost New York,"Epstein Emails Reveal a Lost New York

The disgraced financier’s recently released documents are steeped in a clubby world that is all but gone.",
rss,www.nytimes.com,https://www.nytimes.com/2025/11/16/style/jordan-firstman-i-love-la-hbo.html,1763287208,"Jordan Firstman of ‘I Love LA’ on Past Lives, Good Fortune and ‘English Teacher’","Jordan Firstman of ‘I Love LA’ on Past Lives, Good Fortune and ‘English Teacher’

“Past-life regression therapy” has taught the 34-year-old actor gratitude. Now a star of HBO’s “I Love LA,” he can see how good he’s got it.",
rss,www.nytimes.com,https://www.nytimes.com/2025/11/15/business/lying-to-coworkers-advice.html,1763492070,What’s the Most Elegant Way to Lie to My Co-Workers?,"What’s the Most Elegant Way to Lie to My Co-Workers?

Plus, how to say, “No, Chef.”",
rss,www.nytimes.com,https://www.nytimes.com/2025/11/15/style/skin-care-children-rini.html,1763220652,Skin Care for Preschoolers? Rini Launch Draws an Icy Reception Online.,"Skin Care for Preschoolers? Rini Launch Draws an Icy Reception Online.

Nearly two years after “Sephora tweens” made headlines, some companies are eyeing an even younger demographic.",
rss,www.nytimes.com,https://www.nytimes.com/2025/11/15/style/buy-nothing-snap-shutdown.html,1763200850,‘Buy Nothing’ Was Their Everything. Then Came the Trademark Troubles.,"‘Buy Nothing’ Was Their Everything. Then Came the Trademark Troubles.

For years, the freewheeling virtual community — where neighbors share free goods — has been roiled by battles over the use of its name. A government shutdown made things worse.",
rss,www.nytimes.com,https://www.nytimes.com/2025/11/15/style/wedding-drone-show-tips.html,1763200827,Tips for Pulling Off a Successful Drone Show at a Wedding,"Tips for Pulling Off a Successful Drone Show at a Wedding

Sally French, a longtime observer of the drone industry, shares some advice for couples looking for a dramatic and eco-friendly send-off.",
rss,www.nytimes.com,https://www.nytimes.com/2025/11/15/style/the-mystery-behind-zosia-mamets-ring.html,1763200814,The Mystery Behind Zosia Mamet’s Ring,"The Mystery Behind Zosia Mamet’s Ring

Before the actress and writer’s grandmother passed away, she wanted to find her canary diamond ring.",
rss,www.nytimes.com,https://www.nytimes.com/2025/11/15/style/lil-luv-dog-dry-shampoo.html,1763200809,Lil Luv Dog Launches Goop-Like Beauty Brand for Dogs,"Lil Luv Dog Launches Goop-Like Beauty Brand for Dogs

A line of upscale pet products from Lil Luv Dog is marketed like a beauty and lifestyle brand, is human-grade in quality, and is priced to match.",
rss,www.nytimes.com,https://www.nytimes.com/2025/11/14/style/olivia-nuzzi-rfk-book-american-canto.html,1763141978,Olivia Nuzzi on the Scandal With RFK Jr. that Upended Her Career,"Olivia Nuzzi on the Scandal With RFK Jr. that Upended Her Career

The former political journalist has written a combustive portrait of America, President Trump and the scandal with Robert F. Kennedy Jr. that upended her career.",
rss,www.nytimes.com,https://www.nytimes.com/2025/11/14/style/iphone-pocket-apple-issey-miyake.html,1763127006,Apple’s iPhone Pocket by Issey Miyake Is Confusing by Design,"Apple’s iPhone Pocket by Issey Miyake Is Confusing by Design

Decades after their founders connected, Apple and Issey Miyake released a collection of phone pouches that have some people baffled. They hope it will inspire creativity.",
rss,www.nytimes.com,https://www.nytimes.com/2025/11/14/style/ashlynn-park-jennifer-wong-aritzia.html,1763148974,Designer Ashlynn Park Is Winning Over the Fashion Elite,"Designer Ashlynn Park Is Winning Over the Fashion Elite

Receiving back-to-back awards, Ashlynn Park might be the buzziest rising star in American fashion. Plus, new winter coats, pajamas and stores.",
rss,www.nytimes.com,https://www.nytimes.com/2025/11/14/style/danielle-duseau-casey-lyons-wedding.html,1763128440,"For Two Homebodies, Marriage is Cozy and Safe","For Two Homebodies, Marriage is Cozy and Safe

Danielle Duseau and Casey Lyons like feeling secure, so ten months into dating, inspired by a favorite singer, they decided to lock it down.",
rss,www.nytimes.com,https://www.nytimes.com/2025/11/14/style/they-almost-gave-up-on-love-until-a-matchmaker-stepped-in.html,1763096424,They Almost Gave Up on Love — Until a Matchmaker Stepped In,"They Almost Gave Up on Love — Until a Matchmaker Stepped In

When Emily Rothstein and Daniel Loeterman first met four years ago, their attraction was instant.",
rss,www.nytimes.com,https://www.nytimes.com/2025/11/14/style/matthew-maggiacomo-evan-feeley-wedding.html,1763096418,Switching Gears to Slow and Steady,"Switching Gears to Slow and Steady

Matthew Maggiacomo attracted many fans with his high-energy Peloton classes, but preferred a slower-paced relationship after meeting Evan Feeley.",
rss,www.nytimes.com,https://www.nytimes.com/2025/11/14/style/modern-love-the-sexting-seniors-of-assisted-living.html,1763126855,The Sexting Seniors of Assisted Living,"The Sexting Seniors of Assisted Living

My mother was 83. Her boyfriend was 87. They were having the time of their lives.",
rss,www.nytimes.com,https://www.nytimes.com/2025/11/13/style/new-american-dream-tiktok.html,1763063277,Why Is TikTok Debating the ‘New American Dream’?,"Why Is TikTok Debating the ‘New American Dream’?

An online debate began when a European man lampooned the concept of American culture. Then a lot of Americans began agreeing with him.",
rss,www.nytimes.com,https://www.nytimes.com/2025/11/13/style/sofia-coppola-moma-benefit.html,1763080898,"Sofia Coppola Honored at MoMA Benefit With Elle Fanning, Bill Murray and David Letterman","Sofia Coppola Honored at MoMA Benefit With Elle Fanning, Bill Murray and David Letterman

The Museum of Modern Art’s annual film gala honored the writer and director, attracting a crowd that included Olivia Wilde, Bill Murray and David Letterman.",
rss,www.nytimes.com,https://www.nytimes.com/2025/11/13/style/tiny-modern-love-stories-ted-and-i-are-implausible-friends.html,1763434863,Tiny Love Stories: ‘Ted and I Are Implausible Friends’,"Tiny Love Stories: ‘Ted and I Are Implausible Friends’

Modern Love in miniature, featuring reader-submitted stories of no more than 100 words.",
rss,www.nytimes.com,https://www.nytimes.com/2025/11/13/style/acne-skin-care-wechsler-spotless.html,1763391930,Skin-Care Treatment That’s as Easy as a Drybar Blowout,"Skin-Care Treatment That’s as Easy as a Drybar Blowout

A new clinic aims to make skin-care treatments as easy as getting a Drybar blowout.",
gnews,news.google.com,https://news.google.com/rss/articles/CBMiwAFBVV95cUxNNlU2M25fc0xoaFF2V1Y1VnVXYlp4bVc0amo2QU1JYzRuNENWaUszSjNwUUxGYnFFdUQtZDBORWtPR0FMdFZwTmRQRUZxWDR5R3BGaS1RVElZdU1yUjU5V2c0ZjZOV2RJTlVPdy1HSFJEVEg4WDNOZmJlQ05oZk5lUlU5R3JDSEJCNk1XbW9RcHNwc2p1Sl9NRUxNVVo1bndLSDEzNWFtRE4zekNWdklsN2JEVlVyVDNNSUh5MDRJVjQ?oc=5,1763561607,"Shake and Shimmy in Fringe, Spring 2026’s Standout Embellishment - WWD","Shake and Shimmy in Fringe, Spring 2026’s Standout Embellishment - WWD",fashion trend
gnews,news.google.com,https://news.google.com/rss/articles/CBMiugFBVV95cUxNMGtVRjRpVGRoWTNnTnlrRDhxTVZ1Wk8yUEZ3WW5GcmpXaEVIUXRuclE3TTZLNHF0cHZuQ0kydm56U1JWODVoM1BoelJhc256bDdlemR5TTZ5bWpzaW1RX3A0UlQ4T3RCS3Zka2ZGb1N4WVF5N0JKNkFSY2F4R0M3VjV0bmdDX3ZhSUtTZ2s4YTR6SDNJMHRPdC1qM0YwWXVzWndlRFhFSHpmUTViVDJ5ZEh2ME80TVRvQlE?oc=5,1763566370,The Unexpected Trend That’s All Over the Runways—And Our Screens - ELLE,The Unexpected Trend That’s All Over the Runways—And Our Screens - ELLE,fashion trend
gnews,news.google.com,https://news.google.com/rss/articles/CBMivwFBVV95cUxPYjhRVWo4Ykp4ZVZJT28xUll0ZUp2ZUVDaFV3Z3ZmYWxDMklzWEkwSXlVNW1RWHNFdnZ5Mnk2bzdvOWRlWkZBN0dPaDU5aVByTzNwbXBhRUduMS1MVjFsbkVORzEtVW5RTWhQZnE3eEpUTjVvc0hlam94RFpwV0htSDNoU1pEYWF6d0VjNEtNdXRCNHRucmgwY3psdWNGNF9zcDdtVkZIMHJaTXV0U1ZsUEp4ekZCSHdobnBBUUc5NA?oc=5,1763562898,"If you're over 50 and still wearing these 8 trends, it's time for a style refresh - VegOut","If you're over 50 and still wearing these 8 trends, it's time for a style refresh - VegOut",fashion trend
gnews,news.google.com,https://news.google.com/rss/articles/CBMitgFBVV95cUxQUHgzQmlhWE1CSExBcG0zN0xXYjVELUQxY1FqXzNPSThEYl92OTU5RVBVR29HRWFrZ2VNdXc5akpKUkN3eVhvaTMyNlI2ZF9sNWdjUWNMU2hFTzlfRG9PUVZLUExaY1hKeS02OVVYeHltVnBhT2ZoV2gwR2Zadm02d29ibnJOUEY1NHdvNE9vSGRYcjRLZm9JWEdFQnhUYTEtTVRUZ2NuNVd0LWpVRUR6ak1xODVwUQ?oc=5,1763565375,Black teens are making the quarter-zip cool again — here’s why the trend is everywhere - TheGrio,Black teens are making the quarter-zip cool again — here’s why the trend is everywhere - TheGrio,fashion trend
gnews,news.google.com,https://news.google.com/rss/articles/CBMifEFVX3lxTE9ndVBlLTlsYy1uTjJ3eWhmWXRPcHYyckpRM0hHMnJieUR0UnF5UGNjczZOTDNuTVI2Z3lIUEZpektKamtkdXEyY204dVlJQ09wVGpkTG5kM1ZibVpzNXU4MXNZSmxRZkpFYjUxQlJsdjVhNTFoTV9QREZodWU?oc=5,1763337600,The State of Fashion 2026: When the rules change - McKinsey & Company,The State of Fashion 2026: When the rules change - McKinsey & Company,fashion trend
gnews,news.google.com,https://news.google.com/rss/articles/CBMifEFVX3lxTE1RN1ZlQmtwb2lHQVJzVVp0TmxSVHZuYWQ5NzBBZFVJSzlKQnRCTHpTZW9ISE1aN1RXX2IyM3FyWnhKMzV4TE0tcDlrT0JoOVk2WWRubjlSOURUVk40aUxYOFp6bE8zX2M1cW5KalV6MHBlVFpfM3F2VU1rbzc?oc=5,1763560800,Some Of Melania Trump's Most Dramatic 2000s Looks Had One Thing In Common - glam.com,Some Of Melania Trump's Most Dramatic 2000s Looks Had One Thing In Common - glam.com,fashion trend
gnews,news.google.com,https://news.google.com/rss/articles/CBMirAFBVV95cUxNbVg0akVzbHJ1TVlkQVZXZ18waXhhUmhvbjItWjVyNkM4S3ROSTd3N3B4YktYbEJIRTNRZUdNUEJCRmoxdlpTZkRuY0VVTTdOTHUwZVkwcnhIbTAxZnhyUUVGbDJucGZkN01pWDJtem9fVmxSYW9KTzY3ZktmWjRsODJLMUpvSzUwUXlDV2N4ekY5d0lSekIwSnpWRW5HaGhieXAtR3BCQko2WG42?oc=5,1763542380,What is the Quarter Zip movement trend? Viral online cultural shift explained - primetimer.com,What is the Quarter Zip movement trend? Viral online cultural shift explained - primetimer.com,fashion trend
gnews,news.google.com,https://news.google.com/rss/articles/CBMiekFVX3lxTFBja0oxY3hZY1hwTFdNTmIySS1pMDVNaWhUZXoxempveGVuZE83UEZDWkRpTk16aGFkRWNsZWdWbTVVd3VrQjFvYmNuOWhjeTh2NzFORHUtemg5SkNxcmhTaUd5LUhlSUl4Q0llaG9hczlURFFMVWJVZU9n?oc=5,1763502864,Don't Wait Until Spring—How I'm Embracing the Colorful Denim Trend Now - Marie Claire,Don't Wait Until Spring—How I'm Embracing the Colorful Denim Trend Now - Marie Claire,fashion trend
gnews,news.google.com,https://news.google.com/rss/articles/CBMiiwFBVV95cUxOSllhcmZLTmFWLW5SQWxsWGU0a1R1LXNVQk1wM183RjA0ZmJ0OC1DMlU1b0JSMkUyZUhVakZaSi02NjJDUjlZUW1VQV9xWVZmUk9ZOXlkZmRranZSc0p5aER1cDNaQ25tMXZaWVItSTVPSEZVeE1KNkFGc1RwZnFwZWFIZTRnczlnNTNr?oc=5,1763539200,Fashion Girls Ditched All Other Ankle-Boot Trends for This One Specific Rich-Looking Style - Who What Wear,Fashion Girls Ditched All Other Ankle-Boot Trends for This One Specific Rich-Looking Style - Who What Wear,fashion trend
gnews,news.google.com,https://news.google.com/rss/articles/CBMisAFBVV95cUxOb0hUNFhMTExTYXprMVM5aEU2V2NWR192aHFWZUFEUy1iUFUtNkV6TmZEMXh6UGNCaHpucDdBYUpoOThKRE1DUWI2dS1oOGVERktSajlCSnFrOGJUeU9PLXhkV3JORHhkYWxlSVlOUFNHYlk2UTFTbkxhejNDTzBvNWR6ZUNsUkZUelFqYlQ3cllXSmRKQnMtU3F1S1loV2JJZHNPVEE2UDNmS3Q3M3JLdQ?oc=5,1763474652,eBay Watchlist Trend Report Reveals the Fashion Moments That Defined 2025 - eBay Inc.,eBay Watchlist Trend Report Reveals the Fashion Moments That Defined 2025 - eBay Inc.,fashion trend
gnews,news.google.com,https://news.google.com/rss/articles/CBMigwFBVV95cUxNanp0bjVIRTE3aDhUMWpwUkpvYTB6bzdoTzJKTVhPSU05a01YcXFwS0lnTmhMWV94aHlIMUhBRjB4MWs1MFhlX0ZBeDhEQUJrSWdUdE4xdUJ1cnNSc1pvcW9SY3ZxS29NVXpiQlJQeWNsQ0JMS0VqLWRBcVhkbGhwUFhMVQ?oc=5,1763474403,Street Style Look of the Week: Leopard Pants - The New York Times,Street Style Look of the Week: Leopard Pants - The New York Times,fashion trend
gnews,news.google.com,https://news.google.com/rss/articles/CBMifkFVX3lxTE5ldkJXSHF5RUw5TmJaYjlUV2NDUGNvcVNRTGhmZ1N5ZmwtSVRnZk95dWM3ZW0wWE1wMVdXLXJaZnNhclpZWElDb25VV0czNTc4YnFyWUxKWTdtU1BXRW5oaElNd3Z2WDI5YmhLanlOMVZrYTl6MDhfWG9NQkl2UQ?oc=5,1763560620,Are furry heels a trend worth buying into? - The Telegraph,Are furry heels a trend worth buying into? - The Telegraph,fashion trend
gnews,news.google.com,https://news.google.com/rss/articles/CBMizwFBVV95cUxNaENxLTBVTG9HdW5xVWY0WE1PQ2s4N1BNaWZhc3oxNXdGdmhXQ3JWYnB4YklOQWtKWlJsUjZKbEhhSzRBTEttVktVbldsM2U5TkxHU0tqZWhLeS1KdUNMVXU2SFlwRW9VZEFoek1zcnhmN05SVjNmNGM3ZTBEUkZKRHVwYU1mem0wRTdHWGJXdmxzejdyQTV2Uld2amZqd3Q3MTNJTDVmdGhuZFYzN2s3ZS1ENnJvVnFuS0ZKMUw4dDlOb21XYkxVWE01NWhQRG8?oc=5,1763542827,Decoding AW26 trends and shifting consumer patterns: Heuritech's AI-driven forecasts - fashionunited.uk,Decoding AW26 trends and shifting consumer patterns: Heuritech's AI-driven forecasts - fashionunited.uk,fashion trend
gnews,news.google.com,https://news.google.com/rss/articles/CBMiXkFVX3lxTE16MG5ZMG1CeElkbmlHT3k5ZWJ0UG42QlVocHpsUjQ2cVI0WWtqTXRpMHJDOFZjRGIwVVVTdEZmT0h0SWYwSnlxSEg3b3lYTE5EU3JHVVR1TmFtVXQ0RXc?oc=5,1763155012,2026’s Trendiest Sneakers Are Already Here - glamour.com,2026’s Trendiest Sneakers Are Already Here - glamour.com,fashion trend
gnews,news.google.com,https://news.google.com/rss/articles/CBMiWEFVX3lxTE1XM08zQzFJZnJfekpIQzFjY1I2aVpYRWcySFJYaGM4S2traWNXM1BIX0xoX25aUXdZc0pESUxra0VuRVV3WXo4aHYxVjRuS3d4TXZXNW1ISVA?oc=5,1763540873,"Industry K is no longer a fashion trend of a specific genre, but an extension of the national brand - 매일경제","Industry K is no longer a fashion trend of a specific genre, but an extension of the national brand - 매일경제",fashion trend
gnews,news.google.com,https://news.google.com/rss/articles/CBMikgFBVV95cUxNcTlVMWVTRkphU1RLMWZUYlJiRERTOUlkZmEwYzdDa0d2TmRobGJjWnk1X0xpdXZxcl93dXpjWHc0RXdUaVltVlBwWWotSWp5NzE0QWgxNEdSS2lQeW4tODNHYXREaEloTjZHaDdXZ2g0Z3RPTjhadk9lSHg4ZUlodWpOMDdxUlNpWGE3eWY4VmotQQ?oc=5,1763532086,Spring 2026 Trend: Fringe [PHOTOS] - WWD,Spring 2026 Trend: Fringe [PHOTOS] - WWD,fashion trend
gnews,news.google.com,https://news.google.com/rss/articles/CBMijAFBVV95cUxOTVpIeERZQzQ4MUg2SHBlNVdUc3VXalkyTVcyRG9TYk93bk5hSkxha0VQcllXSExoZFhnWE0zeEI0Q2RLYVFBZGcxZGRUUV9jMzlSS1VYdTZJekR6dS1mbGwwdVYxaWZicGxVUG5aUm10dzBSWWxDaEpEZ1NIajNjRV9YelNKMFJzTDRaRQ?oc=5,1763475840,Winter 2026's Fashion Color Trends Are Already Making a Mark - Marie Claire,Winter 2026's Fashion Color Trends Are Already Making a Mark - Marie Claire,fashion trend
gnews,news.google.com,https://news.google.com/rss/articles/CBMieEFVX3lxTE1JMjVEeVpyVlFLZ2dyS1VLMWdLVnVDVFlGcG1nT1h1dHhNMFl0MlBuTW1RNFpJbGVNU1ZwZ29ZT245NmJvdGY5SzdpUG9Bb3JZWFZmSGlDY3dnNllqbTJCUzIwLVVrNkJjQ2JDZTZfVVc0YTNIMHBfRg?oc=5,1763565709,The Vintage Shoe Trend We'll See Everywhere In Winter 2025 - glam.com,The Vintage Shoe Trend We'll See Everywhere In Winter 2025 - glam.com,fashion trend
gnews,news.google.com,https://news.google.com/rss/articles/CBMigAFBVV95cUxNblYxcUwwclltbmtwQjJqendvcjVIeHVrQjVfSUhDdjlhNnZEWE5qa0RiNHExaElCWWpCMUVPbUFhekxzN2s1M1U1TS1vRERCbjZ4SUh3WXN3VTBSY25VcElRT1hQUjQ1UFVmQ0psdGZpc0pRSWM3cGNqa21JaTc4Wg?oc=5,1763278200,We’re Almost In The New Year—5 Winter Fashion Trends I’m Leaving Behind In 2025 - Who What Wear,We’re Almost In The New Year—5 Winter Fashion Trends I’m Leaving Behind In 2025 - Who What Wear,fashion trend
gnews,news.google.com,https://news.google.com/rss/articles/CBMid0FVX3lxTE1qX0lVNE5oUFpRWDUtTm4tZEhHbjB6NDBOYndsVnJ0UTFQcjBWeEdhZk9Qd2xrSlNTVUNhdGFodmtFbXlCVWFRSTV1LWNwUl94cy1aTThUbThLSzFWaDE4a3kwbFBweXhHUmlUVFVJQ04tNVhEZGlz?oc=5,1763373741,Are Suits Back in Style? How to Style a Blazer and Trousers - The New York Times,Are Suits Back in Style? How to Style a Blazer and Trousers - The New York Times,fashion trend
gnews,news.google.com,https://news.google.com/rss/articles/CBMikAJBVV95cUxNRFloMkpWTHB4OXhWU2VReUVwTzFXTTlfMnFyUVVjdDk1NUhIZ0Q0LWZ6YjNKdkIxbTZXUUczNWVCODUxcWI3Zm9CZUNKYmZXMk8zRzhTTnp5OGZYeTdYTS03Z04yU0VLV2xXcmFlSlpNUGI2TzYwX1AxcHg4U25EM3VoQ3BmQVM5aVF2endiUVNfQlAxbEF0dnViWkNfNDBzWkVTR0RRaW0taUxFeENLcnRfQzZVQUxnUjBqOVVBRXltZThTSWFOcXFTa1BGV1hlLW5NcTJ3Sl9qc2dpeW9rdG9MRWZRLWVPNklCdW5vR2VZSDFrRGRCUnRHM3BBdzFyM0RYYko4Vks4WHJ1ODc5UNIBlgJBVV95cUxNbVo4YVlWWW85TzhYZTBtTTBTWlB3bFJ5Tk9CSDJYcU0wTDJ2OEJ2WllJXzZQblpWbE5IZnlyelVaaTg5YWpJbHZrUXpreEFoZVdKUzNONFd6UGYyM0d0dnBjLTZ6V1NCSW41MlhpLUMyZUtlNUoyVERPR096SnNCMDAzaXhQNFBwRk5BT2hCV1U2U0JJd3pwanhxSEtLTDNWV2hUT3RDZjhjUHNrNC1iNmxhRkJUbWphUDl6c3lJaUFKUGE5QWRSc2NqOTRJanZCYm8wV0NfQjVwQm1uUFpiMzlZckpzeUlTODVYZ2lBLXRRTmtCMGY2aG13ZTZBaHVTeXQ2WGFGUmI1T1MwcnpINEFIWXV3UQ?oc=5,1763472600,"Oilers star Connor McDavid’s wife, Lauren Kyle, sets new NHL game-day fashion trend with latest outfit in - The Times of India","Oilers star Connor McDavid’s wife, Lauren Kyle, sets new NHL game-day fashion trend with latest outfit in - The Times of India",fashion trend
gnews,news.google.com,https://news.google.com/rss/articles/CBMiiAFBVV95cUxOTmJ5bU5MLUFmNGd5LXNOTzZVYWNDT0FUbWl6a2wxLVFEMmJQZjJjYVNOWkNTaGtGR0JCX25zMlJlbWdyR2x6Q2hCcDBBOUlTM20yMHhPcEVmR1hWdjY5c1VvVU9vTy16YWRYeXZROTFqTXc2Q2ZQV2JXN3R2QWhTV3RIYS0yUzBB?oc=5,1763470800,This Denim Wash Will Have You Looking Like a Fashion Person This Winter - Who What Wear,This Denim Wash Will Have You Looking Like a Fashion Person This Winter - Who What Wear,fashion trend
gnews,news.google.com,https://news.google.com/rss/articles/CBMimgFBVV95cUxPN0RYeUI4ZWhfR1ZyYUdxMXhIdEdjamNWT0tobXBrTElKZVl3emM1dVRqWkdsdEtreU9CVV9xRE5nNmQtc3pISTZoaG8tS0V3QkRnLVRranEtU2Y1cW1YNzFHaURPLUdqT1g5bVpUelJuRDUxZzA4eDZhZ3UyUzVndlNzMWIwUF9MWW9fOVVLSDc1dWk1aThBbzF30gGfAUFVX3lxTFBVcThTSm5DdGcySExEenE0Y3N1X19pTFZ4a1NIOXlmVGxWTjRQNG5iNTMweTRnQmcxTlVzYTVzRzVRaWdhMXRpZzlsUm1BejJhZU16UDltcTJxZnR3ZzZGMjgwZ3FhNm5aX0JtdWx2eTdpWC1hWjNkdnFXakdpQUNaYU51T1dpNzVpWEdzVnN2Zl9kQ3VVamZ5VXBiVmVSYw?oc=5,1763548294,"The Top 5 Bag Trends Set To Dominate 2026, Based On Analysis, Not Imagination - iDiva","The Top 5 Bag Trends Set To Dominate 2026, Based On Analysis, Not Imagination - iDiva",fashion trend
gnews,news.google.com,https://news.google.com/rss/articles/CBMid0FVX3lxTE40Q291Q2hZWThwbGF5emt0NU01MEl5VGtjQUZjX0ZpazRTZmtpRWNqT0NtS1h5RTFWN0NoSllrV2xBaDJXV1lFVGp2ZHZQck5TZFFxOWlmVUJfSjZHbWlVT0Q1SHA2TldpOVRTbUNQZnU4cE5YZlY0?oc=5,1763481600,Argyle Sweater Nails Are The Coziest Manicure Trend To Ring In Winter - Refinery29,Argyle Sweater Nails Are The Coziest Manicure Trend To Ring In Winter - Refinery29,fashion trend
gnews,news.google.com,https://news.google.com/rss/articles/CBMib0FVX3lxTE94b3FrSUhnMFNuNWd0aVdma0dJdWhvX1hoZFZHNW1WN3NyRm1ENEFNbzlwNlN4cU1QUlYwUERDc0sxVDhXZmRqTFhmaU1TZmVsbUJlcUw1d0JZVjBFRU5ZMExYVzY1NXNBUVk5WXRNWQ?oc=5,1763543303,Campus style: Autumn fashion from Manchester’s most stylish students - The Mancunion,Campus style: Autumn fashion from Manchester’s most stylish students - The Mancunion,fashion trend
gnews,news.google.com,https://news.google.com/rss/articles/CBMif0FVX3lxTE11QzNpVVNIVnN5MUZweVhxdmp4NFk4ZWhDeGlZcWRMQ1lnUWVDNjdybDNQTmNFZFE5TXJNSzZXUU4tSEk0U3FHOEZjQkdPWEVFN01TRHFzcG55aTRpUjZYS0hBbVlGa1BvMWNYRkZ5SnQ5T3g0NmVKOTNCSTUtZ2c?oc=5,1763208000,The Bridal Dress Trends You're About to See Everywhere in Fall 2026 - Who What Wear,The Bridal Dress Trends You're About to See Everywhere in Fall 2026 - Who What Wear,fashion trend
gnews,news.google.com,https://news.google.com/rss/articles/CBMiyAFBVV95cUxQb2NHRVY4WEZfT214NGpBSVo5TEl6SjRzazRodXpKVEctcXJmVmpoNVBPMFVOcmJtTHZET1JoMkdwRzBXMl9hcUlfNk1hRGFITGhVOGVIRm04Z1RuYkZieUNIcDhiNXpSZGxDVW1OeUdhSUV4bjNYTDBvZmdKNURMaXUxM1lFUmZBck1WSEdldkhxaG9VXzh2T0ZyNlR1d3FLNi1iUUEteGtxeW42R3VjZ0xYR1o4MjVtWDc3UkRxd0IyWHR2bVhMaQ?oc=5,1763402542,10 female fashion trends for 2026 – and how to make them work for you - Rest Less,10 female fashion trends for 2026 – and how to make them work for you - Rest Less,fashion trend
gnews,news.google.com,https://news.google.com/rss/articles/CBMid0FVX3lxTFBDOVREdC1FMzk5aFBhd2NDZFkwRVN5VnE1YjBSWDNfOE51S2ZEZ1M3ZGNiNEhsSGxpQ2diNGt3Rzc5enhZSVpuUkNKR2loMUEtSHYtRzluWEQtWHp4UU4yVEo1TDI3aFgtU3YxbzN2dmlDXzI2R0Jn?oc=5,1763364600,Looking Good In Winter Doesn’t Always Have To Come Down To Jeans and a Nice Top—5 Blouse Trends to Know - Who What Wear,Looking Good In Winter Doesn’t Always Have To Come Down To Jeans and a Nice Top—5 Blouse Trends to Know - Who What Wear,fashion trend
gnews,news.google.com,https://news.google.com/rss/articles/CBMiiwFBVV95cUxNeW1DSElmcEViLWgzUUZ1LWlkUGtteV9UOXdFVGxXN20wSGN5cmxVYmpQTUNvVHVDQjBTZXo5YVB0cGswM0JqMUNHSzhhS2lNWFBoTkhCTFJvLTFEUG1xWGpHaDlWbHZHaXNaWURnWjZDd0lmc2xWZDBHRm5zbXc4OGhsbmc4UGNMdk80?oc=5,1763429700,A Stylist Revealed Her Clients’ No. 1 Fashion Concern — Her Simple Solutions Are Available at Amazon from $19 - People.com,A Stylist Revealed Her Clients’ No. 1 Fashion Concern — Her Simple Solutions Are Available at Amazon from $19 - People.com,fashion trend
gnews,news.google.com,https://news.google.com/rss/articles/CBMipAFBVV95cUxPSFhpeTlKMTRJUFpLaFFfWUF0NXB4YU0tYVhidkRfMU10blFnNW5uSnVMaENDWnpNaWY1M2lMemVxc3BkZ1NXYXFjWkJVcDBuWWtKMi0wVlFFVndJWUVndHRDdUNXbHBfcmNTVmVGSjBOMEhxbGtRYzVrdm44bmRHY3phbHlzSWVFUDhSb0ZCNzF0UEFoNUlvVDg2d0V1YkgwLVVxRA?oc=5,1763401551,"""Main Character"" Coats Are My Favorite Winter Trend—These 24 Are Currently On Sale at Nordstrom - Marie Claire","""Main Character"" Coats Are My Favorite Winter Trend—These 24 Are Currently On Sale at Nordstrom - Marie Claire",fashion trend
gnews,news.google.com,https://news.google.com/rss/articles/CBMijAFBVV95cUxOU0wyVUt3a3RPMmxpRWtHczY2NTlEM0VCeWl0UGZqQko1M0czMm5pUGNaRmhyei1wLW11MmRjQUgyZ3lkLS1xZ0JfS21DNkVqaVZySklpQjVHMUFTQVNJazZ6VWxqNkIwUE5KampNRW53NHJLUmxYekhLNXp4MGRENjdNSlNrRUg2WDBFdw?oc=5,1763402376,These Cool-Girl Sneaker Trends Are Hiding in Nordstrom’s Early Black Friday Sale - Marie Claire,These Cool-Girl Sneaker Trends Are Hiding in Nordstrom’s Early Black Friday Sale - Marie Claire,fashion trend
gnews,news.google.com,https://news.google.com/rss/articles/CBMiekFVX3lxTFBhSWo2cTFwUTY5eTZQVFV3aFF0dmM1UG5YaXZvUHpZRmZxM0lSa1pKR0dINFhyTFNYaFZrY1hHYUIzc1AtYkF5UExzLVdfNmlrT3Q4emhUdU5oRk02VExIZ1hReFVOMS1rak5yb0dyRDFVcGhsMkpZRTdB?oc=5,1763282700,"5 Winter Leggings Trends of 2025, According to an Editor - Who What Wear","5 Winter Leggings Trends of 2025, According to an Editor - Who What Wear",fashion trend
gnews,news.google.com,https://news.google.com/rss/articles/CBMikgFBVV95cUxPZExYRndXa3BoNzIyeTFpeFduM1p6NmFsTFpySkx2TzVLMUIwTnpuelJWUUczaXo0bDlydHdDMC1QY2lCTVloTW82MVpaZFhrUDVOMWlUUFhoVHQydDZsaXVjdlhqTlVkd0dDcmxtYXdCV2JXLXBmUEx0bzFqYWZCaWZUeklESUM3eEV5WTNOaWhPQQ?oc=5,1763390070,I Just Got Back From Paris—the Chicest French Girls Are Wearing This Winter Jeans Trend With Heels and Boots - Who What Wear,I Just Got Back From Paris—the Chicest French Girls Are Wearing This Winter Jeans Trend With Heels and Boots - Who What Wear,fashion trend
gnews,news.google.com,https://news.google.com/rss/articles/CBMioAFBVV95cUxQQ0dXMmJoR1JXVUJjb2Z6VDgyMTJFSjVMR1VtVEhjVk8wYTRzSGpIT01RYmRDbi0zcjZsN1I2WGlFMUFVVmZpR3N2NTFzYXJZMkdNQW1iTUpjY0NrUTJBQmZCdGhqSVJKc3VIZk5GcjhnY0d4ZWpZM1ZPYnRuaVlzWUc4Nm9IX3QwS1R6bzVycVdHZXBxcEk3UGFlUTl6TWxY?oc=5,1763384075,"5 easy ways to wear this winter's biggest fashion trends, that will keep you stylish all season long - Cosmopolitan","5 easy ways to wear this winter's biggest fashion trends, that will keep you stylish all season long - Cosmopolitan",fashion trend
gnews,news.google.com,https://news.google.com/rss/articles/CBMiXEFVX3lxTE94UExZZTdrSE1TWUx4cDc5aXV1cUxIb3FpZzhrN2Zwb2hIakV1aE03X0ZiVXU0SS1pZDRma2RheWd5b3NaZHdDWXJTTFg2NmxacFRKUjA2TUU0aVNN?oc=5,1762066800,Granny Print Is the Next Grandma-Inspired Fashion Trend Emerging in 2025 - glamour.com,Granny Print Is the Next Grandma-Inspired Fashion Trend Emerging in 2025 - glamour.com,fashion trend
gnews,news.google.com,https://news.google.com/rss/articles/CBMiqAFBVV95cUxNVVExNzZlSG5rNV83SS1QaW84WEhxbDJYbmM5OXhLYkh2cHZlM0lwNDNxdW9rd0I3NHJmeGFlUzJRZG9qYm13bGYtQ2p3dGdzbzZHYnNzTURlNGpMOXRHcXk4ZVpJNWdYYlZLdHg0bkg3QkN3VnUxUW5iM2hBUzEyZnhkZWhaNG4teWo3RGRmbnozVzRrSVlSWmJnTmZRZUI4ZC1UV2pIb1g?oc=5,1763425917,The Final 'Wicked: For Good' Premiere Looks Change Red Carpet Fashion for the Better - Marie Claire,The Final 'Wicked: For Good' Premiere Looks Change Red Carpet Fashion for the Better - Marie Claire,fashion trend
gnews,news.google.com,https://news.google.com/rss/articles/CBMi2gFBVV95cUxONGF0dEVPR0xZaVhLNWp4T2UwUWZ2MFZLX3pVQ3M0X3pxenNIRmo3VTktZjNRMVlXUFhndzZKUTg0Z25mRXRLdk00SGhQMUo1M3ltUTNvaktwUUs2dmd0R3kxZWYzNm9kTEJkbldXdXFWNEhuUlFabG5mUXJLcG1PanplSkdVNUg2UzJSTWxSTmlwU19EU3hNeHZfVERRa3REbE1tdGVTN1l3bWo5VFNMbHQ0cWNqZ0hfdTFEY1dBYXEwREZTZjNUYjVRXzRBNTFuUm5vcU43bjctQQ?oc=5,1761634800,Pusan National University Researchers Show How AI Can Help in Fashion Trend Prediction - PR Newswire,Pusan National University Researchers Show How AI Can Help in Fashion Trend Prediction - PR Newswire,fashion trend
gnews,news.google.com,https://news.google.com/rss/articles/CBMinwFBVV95cUxOM2twZUktRjhWS1REZ2N1Zlc1M2N5OF9wY2VTcEV3MXZzVzh2QjhsNGxwSmh5bFlVb2t0bjFLZXUzU0RwTHRwaFJvaXpLWWlXOGV6eTM5OExJNTdSM0oyR3BYNjVIblZTVzRmNy1lRzdiR1VQdGxKV2xBU3dwVHNDRFFVOWx4Zl83QmYwZnpYN2xjVnR5c2laZ294UVhsMUE?oc=5,1763412594,The 13 Best-Dressed Stars at the 2025 Governors Awards Red Carpet Flip Their Style Scripts - Marie Claire,The 13 Best-Dressed Stars at the 2025 Governors Awards Red Carpet Flip Their Style Scripts - Marie Claire,fashion trend
gnews,news.google.com,https://news.google.com/rss/articles/CBMiggFBVV95cUxQejBIaVlmWXIxMl81RGJlNjVJalhTcGpMYXdvOWxvalBlV0dFY0hiZXdSamJtR3B3Vkw4ODFDSEZfQXE5RUMyQ1UwZ01mcWkxdURoWVhCcFNPd2JfdENyXzdmVEw4WDdHYXVGR0E3TjVXLWR5bW9XXzYxYzc5aUJqaFB3?oc=5,1762156800,12 Autumn/Winter 2025 Fashion Trends That Will Dominate This Season - Who What Wear,12 Autumn/Winter 2025 Fashion Trends That Will Dominate This Season - Who What Wear,fashion trend
gnews,news.google.com,https://news.google.com/rss/articles/CBMihwFBVV95cUxOQ0REcGhoX2pQZmpsaTVxd0x4ajI0TmpJNFdPdGJyakNWZjJBaS03M1lUd0UwZXV0cXVMYVc0ME9UeFJPbThPU3ZBT1dyRzBjS2pid3JGclBmMUMwVWFlVktZQU9TamlTeGZKbVlBN1NoUEJ2V29OZi04eUlGSDh3WGVlQVFpbjA?oc=5,1763277385,Is a Reform council setting a new fashion trend? - NewsBiscuit,Is a Reform council setting a new fashion trend? - NewsBiscuit,fashion trend
gnews,news.google.com,https://news.google.com/rss/articles/CBMiiAFBVV95cUxQTG5mdWdxYkE1eUNmUS1nTFQ0VGVmWlN6QW01bUx2bVJBeTNhdTA4bjdXRFdKX05VUUNBdl9STzFNMUpGMUJvRjlNdlRkN3ZuTEhTY293bHZNNDNzMWF0TVk3UU1LcVJ5Q2JXajluMFctRE5HUGRkUjFUQnROOUVoNUNuWG1SODlI?oc=5,1763471268,"The Best Loafers for Men to Help You Nail the Prep Trend, From Bargain Duke & Dexters to Chunky Prada Shoes - Esquire","The Best Loafers for Men to Help You Nail the Prep Trend, From Bargain Duke & Dexters to Chunky Prada Shoes - Esquire",fashion trend
gnews,news.google.com,https://news.google.com/rss/articles/CBMiowFBVV95cUxNVUlacHppODZTVWhwS1hKSE10bEZaeXJUTndFclg1N3Z3N1JOS2pkYVdza083YU1SRU5IYVhvc2FjUnY1bGtBdU0xTmF1V0dHdGF1a280YWNzV2VXcGpoeDNRM0ZYSjNLUmI2aHVSZkVvcS01RDd5bDdQQ3hrU2RKME9BTWdzM2doV2hFLXdKXzdJeWhNRlVDaG1tRG9pMWlOQWVr?oc=5,1763378403,Daring bustier dresses was the Governors Awards 2025 trend nobody expected - HELLO! Magazine,Daring bustier dresses was the Governors Awards 2025 trend nobody expected - HELLO! Magazine,fashion trend
gnews,news.google.com,https://news.google.com/rss/articles/CBMiggFBVV95cUxNZlVCdGhCbkZGWnVrT21YaFdmOHlMbGpOLUtlWHBlbTRFbDd5a1RlQk5YckJtNC1Jc3lOTjVlYVdCbDNRYVdFVE44eFlUM3dzNkVtUDVTUlZGM3MxMmJWUE9qVHFPamcxdWlURlhyV3JRVW9sMHNwejRWdXNTZVJ3S3RR?oc=5,1762329600,6 Fall Fashion Trends That Are *Actually* Wearable - Katie Couric Media,6 Fall Fashion Trends That Are *Actually* Wearable - Katie Couric Media,fashion trend
gnews,news.google.com,https://news.google.com/rss/articles/CBMiXEFVX3lxTE02dmNsVmliMlhkeWNmbzdDQVBVVzY2NWlLUGVpZXJfdDlZQWxpUWtfWm9fcVFJX3d5Z2dNVzlWYVh4VVB0X2ROSnZ6UFFnMTh4QlNVRDI4am1YTnll?oc=5,1762960777,"Suddenly, Everyone Wants Ugg Boots Again - Marie Claire","Suddenly, Everyone Wants Ugg Boots Again - Marie Claire",fashion trend
gnews,news.google.com,https://news.google.com/rss/articles/CBMikwFBVV95cUxQZTU5eGVDMEZ4QVBiVHdWZ0E2YV9fVXRnZl9JeVpLR1NPYTJkVnJpU3VrZmNIcFE2VnhyaHRJWEZTelpXS0lBQzU5NDdwU3kxOGFZTzlOM0RZZG5LbHN5ekJqZzB6YWs4QUw0Tm8zemFCNWExRWdUdm1hTjBpX2xrTTQ0QnI2NndBWWFqVVdDZWVoQlU?oc=5,1763302895,"In New Trend, Black Men Are Ditching Tracksuits for Quarter Zips and Calling Themselves ‘Young Gentleman’ - The Root","In New Trend, Black Men Are Ditching Tracksuits for Quarter Zips and Calling Themselves ‘Young Gentleman’ - The Root",fashion trend
gnews,news.google.com,https://news.google.com/rss/articles/CBMihwFBVV95cUxQQk14UDBhb3pyWXJzLTZxQU5ZdDJmVjdLc21BcWRqRVpUdkoyRVBLUHN2LVc1LW43Rl9WZWRBTnRGQ01MYWJqUmhlTTBaUkxJaHZiNTRjaG9SM2NwT0YyVnphdzI2YkNHZHc1V3ZteE44WURzQ1VJNDdrbEdERTdSUF9fQkg5YkE?oc=5,1762329600,Fashion’s It Girls Are Already Wearing These Spring 2026 Fashion Trends - ELLE,Fashion’s It Girls Are Already Wearing These Spring 2026 Fashion Trends - ELLE,fashion trend
gnews,news.google.com,https://news.google.com/rss/articles/CBMipAFBVV95cUxNeDk0RWxUMklndm9CTThpZkV1RGQ3Qmo4MmkyVTJTZW1XckRhelJzQmotQ2t4NGZGZnYzLUVIUmYxVGJ4eGJHNGN0NjhJLWVJR016bnNWVG40MVIzY08xSjIzY0ZGLWxrbVJSMFo2aklIeHdSRFlPOTM0Y0FqWF9OOGc2WDI2SDJDRE9QVjRTeE5vTGlGalhCY3dHQnM1bFpUSmNBMg?oc=5,1763512099,Sustainable fashion on trend with these Christian designers - The Catholic Weekly,Sustainable fashion on trend with these Christian designers - The Catholic Weekly,fashion trend
gnews,news.google.com,https://news.google.com/rss/articles/CBMifEFVX3lxTE9mTmQ5a09BeGxUQXNuVExTVkZHVGRiVkhFMHhmQ0tWWm5vMUliT3EyRTZXZHFCNnlYaGhGXzNBLWY2REV5a2ZhdzEtV0tXOWdxSFdmd2hqSmMyZ0t2Zl84ZWlyVXhkeVVvZG5vXzQ2ajBQbjQ3ZWFDa0M2c2c?oc=5,1763446358,6 Fashion Lessons That the World Can Take From the Middle East - Vogue Arabia,6 Fashion Lessons That the World Can Take From the Middle East - Vogue Arabia,fashion trend
gnews,news.google.com,https://news.google.com/rss/articles/CBMibkFVX3lxTFB2akVOU01WUXRzRUk4MGc4ci1wb2JhOTk2T2hQdk9JN2xwMjN1cjZyLXRKdDBMbGFpMWNTVXFBalpMcGY0SXN3TW9mNU85WHRfNnFxWlJLTkota3lmYy1CbjZWc1ZiekVmTmZSeDFn?oc=5,1761721200,15 Spring 2026 Trends You Can Already Translate Into Your Fall Wardrobe - Vogue,15 Spring 2026 Trends You Can Already Translate Into Your Fall Wardrobe - Vogue,fashion trend
gnews,news.google.com,https://news.google.com/rss/articles/CBMi0wFBVV95cUxOOHBRMWI3UW9lV1ZFSFhjTk1GTGlwM2o3aDg4RXRhc2x5ZURrT3RrVlFmUUM1MWNMNDVLMzlOaFBRci1hWHhIUlNkeVZHQTNycGl1QUZPRDVYSUNYODJjaVJVdjZ1WE41ODhReFlaRWx2cEFENGlETXZGY0t5Ty1hQWozZjZ4QTlTdC1qYk80QUNaN25nazdtRnRRUl9PclkzOUl4NHFoUzNLVEhzMm9NQXJERjhHZ2JrX0JQaGZBMFdMa1IwUm8zaHE1Y2ROZXRkdl800gHiAUFVX3lxTFB6YVB5VjVNNHMxWkRJRHB1QW1NU21fc0h3SDhGQVh6LUtDdU9iekhHTGVIb0tzckVONEVNWlhiMF9PdnBkcW9YN1lUOFIzZm9md203cUNNNnVRbU5mejMtdUxYbFlhZTk5RjVzbHg3enNBd0RxWkNUaGJQcDB4Y2dkbWtsZ2NDVVRVRFU0MGRONU5IMUFmNk80VFkzV2pubkVmQXE5YmtVV09hZmtzYlRwWng5TVE5SjlOZWtVZHdJb2tEZENGZm5lcXM0NHBHbUFkYlRmdFRsUmY1OGJIaWNIVmc?oc=5,1763482236,Amal Clooney just schooled us on how to wear a 'naked' skirt in a professional setting - HELLO! Magazine,Amal Clooney just schooled us on how to wear a 'naked' skirt in a professional setting - HELLO! Magazine,fashion trend
gnews,news.google.com,https://news.google.com/rss/articles/CBMihgFBVV95cUxPVElyYnB5eVR5OHg3ZEtxMkQ1dE14N2ZIQ1p5b3FQbnRWY0tpc19wVC1kZlJnLS1iRmxROWpIZjloX0RtV0tCLThVQkpLZkk0X0tMSF9Tc2Q0SzQzMlBRR28yeEczSjVlR2lTeGNmYi1US2Y4N3NSWHp6NmhRajFpbUZVSlBPQQ?oc=5,1761548400,I Can't Stop Thinking About These Runway Trends—So I'm Making Them My Own This Fall - Marie Claire,I Can't Stop Thinking About These Runway Trends—So I'm Making Them My Own This Fall - Marie Claire,fashion trend
gnews,news.google.com,https://news.google.com/rss/articles/CBMiigFBVV95cUxNeUdtTFNpQV9pZzM5YUhDLTdWcnN6XzJEUnNmRExkRnhHcUtycFk0bzRyUUJyY0pabVlCa2ZZZlQ1WTlJMkRpeUs4MlNlYzFKS1B6YnBFNmp0UE5hQzhfTUx0TWUxRFI2bEtxM25vRzhnZ3RSVVBtUHRCUnNQQWpDeUZvSGcxZFRmSlE?oc=5,1763343000,Gigi Hadid’s Cozy Uggs-and-Denim Outfit Combo Is About to Be My Winter 2025 Uniform - instyle.com,Gigi Hadid’s Cozy Uggs-and-Denim Outfit Combo Is About to Be My Winter 2025 Uniform - instyle.com,fashion trend
gnews,news.google.com,https://news.google.com/rss/articles/CBMibkFVX3lxTE9YMmhvMHJrUjVESFhCaE5DeUtlbVF2bkl0MTAyeTlSd2V4bEEtTFN3MFdHcU5hQURBamx2UkpJNDdpUU5ycFA4V1ZNWlo0aVl0OXJ0X0lRbU9jcUZocVZqMEdIM0kyaFFseWVXMTVB?oc=5,1762329600,10 Fall Trends GQ Staffers Are Shopping Right Now - GQ,10 Fall Trends GQ Staffers Are Shopping Right Now - GQ,fashion trend
gnews,news.google.com,https://news.google.com/rss/articles/CBMihAFBVV95cUxOUUVBUEVDdTBUdmxjWWtFNzI2TFAyX2NTNEI0M2pya2dfOURnb19MRTBONHpLalNNb2pHcG13T0FhVGR3bTRRbDhoUEtpX2RZclFWQXp3U3dFbl9DTVRFTFJVMkwtemFnYi1FeHhVUTJpOGo2a1BPZkIyOVdKaEZHYnE0UWs?oc=5,1762156800,The Winter Trends to Start Wearing Now—Before the Mainstream Catches On - Marie Claire,The Winter Trends to Start Wearing Now—Before the Mainstream Catches On - Marie Claire,fashion trend
gnews,news.google.com,https://news.google.com/rss/articles/CBMiiwFBVV95cUxQVk9teUw5M0s1Z3dRcGp0cG5HZHBqcFViVkU4bVVidEl3dUUzZ2Fwall0YTRHZ293VEk0Y1hUbERNajZqZjh5XzZHaTZySXBndzFleXBMSl9rUzJWTlNSQi1OMGZXX2dsd1ZjR3NsWUpueWE0eVJCWXh4TXpZSlJLcC1OYm0tT2p0a0dZ?oc=5,1763413200,Gwyneth Paltrow cements the long black dress as autumn/winter’s most sophisticated occasion wear trend - Woman & Home,Gwyneth Paltrow cements the long black dress as autumn/winter’s most sophisticated occasion wear trend - Woman & Home,fashion trend
gnews,news.google.com,https://news.google.com/rss/articles/CBMimwFBVV95cUxNRlB6RllYSDVZUUFOOHJSS2NqSDdMSTRwNDNJVWIyR2x5NVF0V3dnY1pSVEh0Mzc2dDNYUG5DLTZkLTNlUUNtNFdOZHI5R1FUXzlWbENvR3gwSUNaUTFQT2JBbHRmMjRHTmtYUTNWU0RpR2RzTlJhUjZRQzE3eHVjYmhJTnFKX0xkakVrTXhsZjJaOW8tb2VQM2cxYw?oc=5,1763481323,Mila Kunis nails the daring 'bustier dress' trend in statement strapless gown - HELLO! Magazine,Mila Kunis nails the daring 'bustier dress' trend in statement strapless gown - HELLO! Magazine,fashion trend
gnews,news.google.com,https://news.google.com/rss/articles/CBMi1AFBVV95cUxNXzM1MERKeUhYa1hVd0gzZXQ3WEtmM1VhQ01lbFY2VWtzVWdpQ2U0bnc0cmp0SkJFNnJsdi05eHh0bTdfcWs0UDFtRkpaaUNpU3k4ZExqOGlxeGNrdl81R2R5N0Q1YmJ3YXVrV1JIWjJoMDZlOVdBS0xLOGxlUnU0ZGxqbkwydnQ2WC1BaHNFRzdXZVQ1bXBha2dLRklQREhiQ3VMLUZPaVZFcHotMzBReW1FbXZweG9RaFg5U2VhVzBCeWVkUGN2YXc1dHZGakRXaloxaNIB1AFBVV95cUxNXzM1MERKeUhYa1hVd0gzZXQ3WEtmM1VhQ01lbFY2VWtzVWdpQ2U0bnc0cmp0SkJFNnJsdi05eHh0bTdfcWs0UDFtRkpaaUNpU3k4ZExqOGlxeGNrdl81R2R5N0Q1YmJ3YXVrV1JIWjJoMDZlOVdBS0xLOGxlUnU0ZGxqbkwydnQ2WC1BaHNFRzdXZVQ1bXBha2dLRklQREhiQ3VMLUZPaVZFcHotMzBReW1FbXZweG9RaFg5U2VhVzBCeWVkUGN2YXc1dHZGakRXaloxaA?oc=5,1763475179,"Royal Blue to Navy: How Priyanka, Deepika, Sonam & others aced the Blue trend - Deccan Herald","Royal Blue to Navy: How Priyanka, Deepika, Sonam & others aced the Blue trend - Deccan Herald",fashion trend
gnews,news.google.com,https://news.google.com/rss/articles/CBMifkFVX3lxTE52dTVmdHJ6Nzc4QXpnY2RDUUVWQ2Z2ZGtYYm9sVmV3ZktCOVFUbFphZWZNc2phNC1CeEtDcDd2Qi1XZjU2a0ZxQ0JVNFNjMWJEcWEzMzdZeXVuTDhhNGxKb0dPZEw2ZkNkNE1VUXZpVG03a24tZklxcjM3bE03UQ?oc=5,1759820400,The Best Fall Fashion Trends to Shop Right Now - Harper's BAZAAR,The Best Fall Fashion Trends to Shop Right Now - Harper's BAZAAR,fashion trend
gnews,news.google.com,https://news.google.com/rss/articles/CBMikAFBVV95cUxNN1BxOVZSTDNYTDJuVU1iYU1md0QyY0ZfZGNBOS1VTzA3U2V3bElzNzhfWlA3dmZacWVVcGtjV2JYRm54djB0ZTIySjBpQnU5eFg5Z3BOSUw2Sk5nUjFUR3JfUjRneGtTMlRTSDRkNDFHajNrR0lhWHhGOFU0bVZ6U0FBcHpIS0FhRmJKSGNVZ04?oc=5,1762502400,TikTok Turns Bull Nose Rings into 2025 Fashion Trend - AGDAILY,TikTok Turns Bull Nose Rings into 2025 Fashion Trend - AGDAILY,fashion trend
gnews,news.google.com,https://news.google.com/rss/articles/CBMid0FVX3lxTE5pYXZST3hiRHZQb0VWWGRSeGc1RHdNNTJQTEVNNjVPTjF0UVNhM1RUSHRSaWk0bVBjUzVLVGpTMDZNa25hZDJzc3ZIaHpYSG56c3NWN3cxanQ5VzBLVk0yNy1zdkM4bmtEd3k5bFQwMVRIdzR4eEpv?oc=5,1762243200,"Sorry, These 7 Color Trends Simply Aren't Making It to 2026 - Who What Wear","Sorry, These 7 Color Trends Simply Aren't Making It to 2026 - Who What Wear",fashion trend
gnews,news.google.com,https://news.google.com/rss/articles/CBMibEFVX3lxTE80ZUxwM2g2U1ZYeVg1cGhZZUZORGQzWFFDUlZsclA5UVFZblAxd2Y2ZEpsZmtLbHc5MExsUVlpR2ItTEVaNExyX0prMTN4amMtbVdJUVFWYlBzQ2NFUEVMaUEzSmNUZFhWY2ZKdw?oc=5,1763362800,Manicurists Say These Are the Nail Trends Everyone Will Be Wearing This Winter - Marie Claire UK,Manicurists Say These Are the Nail Trends Everyone Will Be Wearing This Winter - Marie Claire UK,fashion trend
gnews,news.google.com,https://news.google.com/rss/articles/CBMibkFVX3lxTFByR2cxRHZOVHNNcFZBcXVhRlNZV0loRzJXdklLRElqNXF0WFlvYTRpR0RrUHkxVjBFRnNscUx2ZnA1X1hEYTVBc1dIZ2RuSDJ6V0o2cjlIb1lHVkJXQjJnNW4tTlpWVUJoa1pJUE9R?oc=5,1759906800,The 11 Key Fall/Winter 2025 Fashion Trends You Can Start Wearing Now - Vogue,The 11 Key Fall/Winter 2025 Fashion Trends You Can Start Wearing Now - Vogue,fashion trend
gnews,news.google.com,https://news.google.com/rss/articles/CBMimAFBVV95cUxPc0x2VXpkX2luMExyd2tvTWdhQ0FDUjJSYWlxMVp0Zks5bUtmbG9aVFZWc2xVR1QtcERkOGpJRVZHRF9nLWlPZVhGV1VuLWU1aTJoSHR3RmFOOXNWdmphVTR4R3M0M0F0VFJ3bjByWUV3OGdXblBIdDhKUEtla3V3V015U0x4YzdmRUtTZmVjWHh2Z3NiYTA3SA?oc=5,1761289200,"12 Fashion Trends That Are ‘Out’ for Fall—and the Stylish Pieces You Should Wear Instead, From $18 at Amazon - Travel + Leisure","12 Fashion Trends That Are ‘Out’ for Fall—and the Stylish Pieces You Should Wear Instead, From $18 at Amazon - Travel + Leisure",fashion trend
gnews,news.google.com,https://news.google.com/rss/articles/CBMia0FVX3lxTFBNQVV3OGlkVHRoLTVSaG9nNmpWMVQ2X2tFNl9aaGpYRkFXclZCd3M3cWtyMTl4RTJVTGh0WDlaT3Q0cnptNmVuZklSOFo4OFFYdDRfOENsNXR2LU81SmY2bmcxTjBzRWpzbGhn?oc=5,1762156800,10 Challenges The Fashion Industry Will Face in 2026 - Heuritech,10 Challenges The Fashion Industry Will Face in 2026 - Heuritech,fashion trend
gnews,news.google.com,https://news.google.com/rss/articles/CBMieEFVX3lxTE9nc2ktNnQxVzlMTjl1MjR5MFYwSkMtVjI1Z0VhZlBLU0JqVlBjdHUyejJCVDV3OE9xYmF3ckhxR2VXLTk1Y3ZScXZfN0VPSU1ManFXYmFUWWxKTDN6cjFXTzk2OGxSVWxDOHIyeXZmRG9jUktfd2FIMg?oc=5,1761202800,The Vogue Business TikTok Trend Tracker - Vogue,The Vogue Business TikTok Trend Tracker - Vogue,fashion trend
gnews,news.google.com,https://news.google.com/rss/articles/CBMibkFVX3lxTE5TUXZQRkx1cVUwUXVmTURTMmRFdi1DOFhBTkVoWk0wVnRxV2g0c01xdGZYcGNWMGY4R2EzSlhTRWtSR0ZiRF9vR1g0NldNZ3FTRWZIdmFEMjVheFBmM1R1d281Mzc1aGdTbWdLOENR?oc=5,1760684400,"The 10 Top Spring 2026 Trends, Straight From Fashion Month - FASHION Magazine","The 10 Top Spring 2026 Trends, Straight From Fashion Month - FASHION Magazine",fashion trend
gnews,news.google.com,https://news.google.com/rss/articles/CBMiYEFVX3lxTE9IeXVaWGVDWTdZbkYtOFgtMlNFbTh3bWFsS1VxRTBGcURQWnhENDBEOXZSbW00YXhMSUE5RV9LVVdBci1IcHpIMXpPZHRyNzk4Y0RnRUp3N21TbzRxMUNVaw?oc=5,1761807600,The Top Fall Shoe Trends to Know - Vogue,The Top Fall Shoe Trends to Know - Vogue,fashion trend
gnews,news.google.com,https://news.google.com/rss/articles/CBMiZkFVX3lxTE5LaUlMc1VCNXJ1QUlBX0JXOFNJWkxFVVRHRGQtVGZJSGdUM19za24yWWhsaUx5dllfRjd2cDNqdE5zRHd1ZXdHSXhfZG83WUxGa3RCWHpUZGdHWkN0VnF4MXNYZzRudw?oc=5,1760943600,Fashion’s New Obsession? Clothes That Swallow You Whole - glamour.com,Fashion’s New Obsession? Clothes That Swallow You Whole - glamour.com,fashion trend
gnews,news.google.com,https://news.google.com/rss/articles/CBMiigJBVV95cUxQcVFpMzgzTk9vYzZXdE81N0J4VEZEVHFTT1dPYkJxbzk4bVJpMDNYZnFtdWxPTGlMYi1ybGJrQmhpcDRlYmtOcndjdVdWamhXN2xkOW5rR01sMkJUU0cyd1hFLWFjcmJ6U3UtZFN3RWdtQ0dCVG5JZHBreERFenZoZlAxTWRvMXppbXlhbVJ0ci1RTE1ScllHWWxURGFMaEpuZ2xGM3ZNWi1NOFZQdXRjTnhjVlNjVmthWGlsWXJPc3U5WWE5WFFYc051bVlzOFhweDk0ZUhaYkZoSHpYTGFiNHd5WHg1RlZkUXNaQzFaNVF0WDBnTnFWVnhWQ3NLTmpBYzR5UDViN1REd9IBjwJBVV95cUxPcEQ0dDZ0QWhmZ2dJQU4zRm1wQk5Sbl81WDZjVHphVXRPR01lWVZxc3NCR3RkNWFJRjgyT1VJRFhDVXRUUkk0azVTOVFTUGNFZFUzeXJOTHJiNWh6U25EWWwyWFhlSGNlRW5fRjQtSHRJNFl2aHBsam5kWXdoQXRXZ21LLV8yb294azlqTVJBeHcwaFdKTGxSWkFKZ2FLU3RsX0x2YTQ4b1hpaVM2UVItekdfTXNZSk5HU2l1dmVOMGp6akZPVGFBMUgwVVJNN2FHWHVUSmNtMFBRVnZCZVZjT1p0Uk1xOHlydFZURkE5N1A4TTJUbVVrLTRUOXdSY01YSkdHNDdrUEFlS2V6bnlF?oc=5,1763479216,"Top jewellery trends for wedding season 2025: From statement chokers, layered necklaces to colourful gemstones | Fashion Trends - Hindustan Times","Top jewellery trends for wedding season 2025: From statement chokers, layered necklaces to colourful gemstones | Fashion Trends - Hindustan Times",fashion trend
gnews,news.google.com,https://news.google.com/rss/articles/CBMirwFBVV95cUxONW1EX0diaWV5cW56NUVTc1BpYVAya3RkaUx4Q0YtMWltWkRfVGV5Zkc4V2hsMENMcFlXODUxOW1zMm01MEdTZHVpS01GVFR2RFNfWDFpcVM5d210SUJ5SFF1VjNHRG1neDFGTDZHNVZnV05mSXdJZTFySlhPc0JXdUdIclVwbFhJUFlHc1lCbkVaVGtJRURGcVlRUkktU2RxNmlTQUF4OU43YXBsVzhv?oc=5,1763467727,Sally Simpson on why you should wear your best outfit to the supermarket... - Great British Life,Sally Simpson on why you should wear your best outfit to the supermarket... - Great British Life,fashion trend
gnews,news.google.com,https://news.google.com/rss/articles/CBMiggFBVV95cUxOZ3k1a053U1ZQdEsxbFFMcWQtdkpDX1RIMkR0WkdJbElQWWtPaEc2Vm43bHkxcUpSLXRSekJZeHlfUE55Sm5DMWhXd2NJVXdzbGx5QXJzVno2ZkhydHhEclRZam1ENDlIX1JLOFh6Sk1remcxMEJhNGFMNHNwdXhTVXNB?oc=5,1762495200,How to Nail the Coffeecore Fashion Trend - Vogue Arabia,How to Nail the Coffeecore Fashion Trend - Vogue Arabia,fashion trend
gnews,news.google.com,https://news.google.com/rss/articles/CBMigAFBVV95cUxOcThXX2FoMGh2cTVFWmRyWU5hekhCMlB3bEwzMjFIM2xXeU9GVU12NzM3X2o2VlR0WEtqUnRKRUpZUkFXSE9McWhYeXJrZV9tQnJrUkVabEFoOTdLSVkybGwzUUt5VHVsQkk5Y1RYYzQ1RWNVdG9Yc3BvMHlIV0xuZw?oc=5,1759906800,Spring 2026 Fashion Is Running It Back to the '80s - Marie Claire,Spring 2026 Fashion Is Running It Back to the '80s - Marie Claire,fashion trend
gnews,news.google.com,https://news.google.com/rss/articles/CBMixgFBVV95cUxNRXVwMkFWT3J1b29tR2U0R1l2U3U2N1Z1THd2QlhZV2FKWXJZQ3VZYUVJSXJKaE9YMGRGcTFBdFpKNXhESGhuTXhNaVRIbUtYZmdmTDlMckxtenRjT3Q2LXFzTl9OUklvVWNuRUU2cFBSVzdMWnVmWTh6V2Y2M2JUcmVqcFA4Ym1XZXI2SkpJWjhkZXZEdTRoVHo3SHVOR1hCcktJZEM0clJJNnRrNHphd3gzeE5sOFhpcUNJY3pBaEVOUEhzeVE?oc=5,1759734000,ARE SKATEBOARDERS STILL SETTING FASHION TRENDS? A CONVERSATION WITH STREET NIGHT LIVE - Jenkem Magazine,ARE SKATEBOARDERS STILL SETTING FASHION TRENDS? A CONVERSATION WITH STREET NIGHT LIVE - Jenkem Magazine,fashion trend
gnews,news.google.com,https://news.google.com/rss/articles/CBMicEFVX3lxTE5OUHFIc094WDR1c3IzY1RMMFJQcFZWVjBiVU83NnMtd2JITTZ5THJoOHBONlZrTW5FYlNpUk1TQWE4OEtHSEZOQm1GVVExSk45d1U0M1hNbnBiTjN5eVkzUnVXM2d2ZUJVNnRVUXkxWU8?oc=5,1760684400,The Biggest Spring 2026 Fashion Trends Allow You to Choose Your Own Style Adventure - Marie Claire,The Biggest Spring 2026 Fashion Trends Allow You to Choose Your Own Style Adventure - Marie Claire,fashion trend
gnews,news.google.com,https://news.google.com/rss/articles/CBMimwFBVV95cUxObzA3T1laRTZqSTZmZnFuY3hXQjg3dWtkeUJVb1hPTFE4WEpnMjRDSTJKM0gwbkJROEJpamJhS2pHemkxSnpwN0ZJWjZmT1RXNnZCdFNndFBlVjhZdjItVDdjUHNjSDZIUk9JZGs2REhCWmRSMGJ3YTA0alRUSnZneWFadEhlZzQ2ekFxUDJVMlBiYmJ2RV9XTFlMRQ?oc=5,1760450784,Layers with texture are this fall’s fashion trend - Golf Digest,Layers with texture are this fall’s fashion trend - Golf Digest,fashion trend
gnews,news.google.com,https://news.google.com/rss/articles/CBMijwFBVV95cUxQS1pOdnBYT1pJSjJnRzlSeEg5dEJ4VTU5dE8tODJvWTc5NUJyWWNNb1N5bmZMbkJwYy1EZXYzNVoycTExTlBBc1lfejZRcWd1N2NERGxMQjVPM0pVdDVsWTdJeENwXzh6VUdwc0c3dTlvbHZVblpGX04yUW9aOU9wa1N2elNMMDB1ZFhibzh2SQ?oc=5,1759906800,"Out of All the Fall Trends, These Are the 6 Our Editors Are *Actually* Buying Into - Marie Claire","Out of All the Fall Trends, These Are the 6 Our Editors Are *Actually* Buying Into - Marie Claire",fashion trend
gnews,news.google.com,https://news.google.com/rss/articles/CBMiZEFVX3lxTE9KZjRhRnlHZVJ6REd3MjkxSXQxRnMtRXRHd1dFWUxwdWlJZWdfQUh3LVhIZXRpMjFnQ2NhVFlfSDQtMkJyaTFWQ3QxQmxqd2g0LXE2OHVSV2lWa1dKUFNDdGlHNzU?oc=5,1759820400,15 Fashion Trends To Try Out in 2025 - Teen Vogue,15 Fashion Trends To Try Out in 2025 - Teen Vogue,fashion trend
gnews,news.google.com,https://news.google.com/rss/articles/CBMipgFBVV95cUxQT3NuQXpOaFlzNWZsQkR1aF8wMVFPQk9weXBtOGtmb3pQeWJfS2todmFCQkFrRk9YUXdqbjlwbUQ1QktFYi1oUWpvRXgyWmNTLVVvRjRsLTBaR284QXNHRzlmemszcktHTlZ3OFhPLTI3cG5QSWdzM0J1VnNXZkwwY1ljNmF5S2VWQjdPLVcyVDMyNU9nOWhqN3hCSUFVR0pOZVNTWjZn?oc=5,1760943600,Spring 2026 Trend: Hour Glass Silhouette[PHOTOS] - WWD,Spring 2026 Trend: Hour Glass Silhouette[PHOTOS] - WWD,fashion trend
gnews,news.google.com,https://news.google.com/rss/articles/CBMiekFVX3lxTFAyeTV1elphQ19BUTBHOGdJTWpoeW1idmZDdkx3QjJ6NEFqbzN1V3JmTG1VbTNRcHJlOVlsN25ad0c5b1BLZ0phQXV0S19PNGtFa2xCck9tWWtvNzU1bk80NVhKNmZDWmJEbzE3OTQzRnJ5aHZoczVENWJn?oc=5,1763413559,The Best Latex Fashion Brands for Newbies - High On Films,The Best Latex Fashion Brands for Newbies - High On Films,fashion trend
gnews,news.google.com,https://news.google.com/rss/articles/CBMieEFVX3lxTE9OYWtrUk5hQmM5MEVTR0IxVUJUQnZWNmt3cG43Tnp6Vjd2M3pqZXdBNkM2cUJ5YmR3dHItd25JSnRrRGowUW9qSHZ0ZEtuY29ueVRja2JpeHZXbzFnUUlUbVdSYmxidmdHMEZpT3FqZk5pZWplU1oxc9IBeEFVX3lxTE9OYWtrUk5hQmM5MEVTR0IxVUJUQnZWNmt3cG43Tnp6Vjd2M3pqZXdBNkM2cUJ5YmR3dHItd25JSnRrRGowUW9qSHZ0ZEtuY29ueVRja2JpeHZXbzFnUUlUbVdSYmxidmdHMEZpT3FqZk5pZWplU1oxcw?oc=5,1763387032,Holiday Character Streetwear - Trend Hunter,Holiday Character Streetwear - Trend Hunter,streetwear trend
gnews,news.google.com,https://news.google.com/rss/articles/CBMibkFVX3lxTE9YMmhvMHJrUjVESFhCaE5DeUtlbVF2bkl0MTAyeTlSd2V4bEEtTFN3MFdHcU5hQURBamx2UkpJNDdpUU5ycFA4V1ZNWlo0aVl0OXJ0X0lRbU9jcUZocVZqMEdIM0kyaFFseWVXMTVB?oc=5,1762329600,10 Fall Trends GQ Staffers Are Shopping Right Now - GQ,10 Fall Trends GQ Staffers Are Shopping Right Now - GQ,streetwear trend
gnews,news.google.com,https://news.google.com/rss/articles/CBMizwFBVV95cUxNbmxRVC11dXNQdmxPRkV3cjh2SFkzN0JDcUdSUkNaX0JoZ2tONVJyWGZiVGZ4a0lDOW5JTENhZm5yS1NXT0FLeG1BeHZPV3NUTlB0SzVlSGZZYUZ0czgxUnA1ZU16ZkFkSkkxOG5Nc3lVT2taanZBVk11OW4wRFc5Y3YwaE1DSVZZR1R2cm5sc09HZnk0UEZoQWJlc281ZFM2NTc3eU9aaGdnS0lfdV9PQWs1eWpvUVI4SUVqUENMZlZ1ckc4SlpGLTBuVVFvVmc?oc=5,1760511600,TICAL Athletics Sets New Trend with Streetwear Fitness Apparel Collection Launch - Naples Daily News,TICAL Athletics Sets New Trend with Streetwear Fitness Apparel Collection Launch - Naples Daily News,streetwear trend
gnews,news.google.com,https://news.google.com/rss/articles/CBMilwFBVV95cUxPYjFfbENZSTNsMWhHWGR4eGQzbXp4QVRMVk8wOG9xb2llV2cxX1hfN0YtUEo3VDZjRmR5MjBwTW9kdGtIeDZwaXlsOHE0NXRSQ3lETHgxVEI1THQ4RlhwVmhZOVdlRWlrWWd3VUZFRElsWVlfWnJSSWwxS29ibUlESEhrb2NDdjJvbFdjVjNXMzgzRmtkQ0tJ?oc=5,1760831049,How Female Skateboarding Is Shaping Streetwear and Fashion Trends - vocal.media,How Female Skateboarding Is Shaping Streetwear and Fashion Trends - vocal.media,streetwear trend
gnews,news.google.com,https://news.google.com/rss/articles/CBMiZ0FVX3lxTE5wdjFWemZlQlYzY3U3eHlweHNfdGttN0JOTC1DZDRaQnRTU2trUHV2OUpsdU84UkxkU1F2NUdHeGp2TE9ROGRTYU96UFJZcnRRQ0U3MHc0NEstQlRKU1ZubHRBQjdoUVnSAWxBVV95cUxQZ0hoZ051bVZWVjFjeFNSUnowMDRHUnVMaWRzb0JyTkVFUGxfZUl0UWJrSzRsaW10RHc0aGJhbU1kNV9xWUJjcFlpcXE3NW5VbjBrWXF3S21ka3ZWVWpreHBuMmJsS0lVdldMako?oc=5,1761721200,Rap Group Streetwear Collaboration - Trend Hunter,Rap Group Streetwear Collaboration - Trend Hunter,streetwear trend
gnews,news.google.com,https://news.google.com/rss/articles/CBMijwFBVV95cUxNMk5qZVNqelBNdEpZQ3JubFlTYjdOeFlKZTRKS3l0SFVRNUlNdlhiSHdXOWtFcmtDVkVwV2VRdGNHT0tEVTlMMXJPZWFqamk1S3NVYUF5NVUyQ0ZJSXhEN1FiaVViUXdLV0lQTXM2MjR0TlZva1Q2R1dzLU9BazhTYkNHdXBKNmpoMVZxOFFuUQ?oc=5,1759820610,How to Style Streetwear: Trends & Tips for 2025 - vocal.media,How to Style Streetwear: Trends & Tips for 2025 - vocal.media,streetwear trend
gnews,news.google.com,https://news.google.com/rss/articles/CBMib0FVX3lxTE9JeWVaZXA1N3FRdEdrNHV0WGNabGRhZWJ4MWF2S2ozN1BwOFA2Z1IwY0JVTi1QM3BGNmJ5YmlZeDZIdXhJMlczUGVTcHpHNXpEcDNDaFQ3NXNRajdTNlExTFphdVVkYkxieVZhZDFkY9IBdEFVX3lxTE5GOEtOVEdaWUtSODN3WVNlNkR4WGFBcHF0SzNVajZQZWVkNWNzOWlQRFJBMXhzTEl4aUlzLUJkQ0M2N01MclpITTVsRk9xNDd6bDVSU1B1NTlKVnZiemhib2dQeTlWWkJvTHhJbTRHMm1ITno4?oc=5,1760511600,Basketball-Player Streetwear Campaigns - Trend Hunter,Basketball-Player Streetwear Campaigns - Trend Hunter,streetwear trend
gnews,news.google.com,https://news.google.com/rss/articles/CBMizgFBVV95cUxObXZzVVpvVWhLVVhJYXJSMVdISHQ1UlFuaGhMMEQxUTIyTC0yV1pBby1VTmd5Y2p6ck95Uzk2M1FiN0Q0V1BNMGZ2YURRUWxwcWdtWXU5TDNwOXZsU1kzZmQ1c3NYa0NudXYxSmlJS2lMQ3hjWGotOV9MT3lyYnFmaUVESWF5WVByeXNJMVVFMzNrY1lMT0JpbnhoRFZDVGVRQmpucm5nUnZaQ25ZMnoxRTJISUJrYTVrVkpVV2wxbG10RGVTM19GeXJxS3MxUQ?oc=5,1760511600,TICAL Athletics Sets New Trend with Streetwear Fitness Apparel Collection Launch - Worcester Telegram,TICAL Athletics Sets New Trend with Streetwear Fitness Apparel Collection Launch - Worcester Telegram,streetwear trend
gnews,news.google.com,https://news.google.com/rss/articles/CBMisgFBVV95cUxPVHA1OVBCUFpJM1R4QXFjNlNSRmNPRXA1Q0FBOHB5azFYaktralBDQW1zMFRQQmw3UzB1WHJncUpMMjk1dVhjTi1wMnI4VTdDUWxLRlY3MkJfd2tGUnFEOWtGOVdkS2Q4dXlTa0RmMXNPbUlWUDNmLWtVZUk3SUdKOXdxNW9iejNqNzZTRWMzcU44QTN0bGxYb3FPQi1yZDMtelNCRFZjeHp5MkxHSVcyQnZ3?oc=5,1763565705,Dua Lipa Stacks 3 Major Fall 2025 Trends in a Single Must-Have Outfit - Marie Claire,Dua Lipa Stacks 3 Major Fall 2025 Trends in a Single Must-Have Outfit - Marie Claire,runway trend
gnews,news.google.com,https://news.google.com/rss/articles/CBMirAFBVV95cUxNbVg0akVzbHJ1TVlkQVZXZ18waXhhUmhvbjItWjVyNkM4S3ROSTd3N3B4YktYbEJIRTNRZUdNUEJCRmoxdlpTZkRuY0VVTTdOTHUwZVkwcnhIbTAxZnhyUUVGbDJucGZkN01pWDJtem9fVmxSYW9KTzY3ZktmWjRsODJLMUpvSzUwUXlDV2N4ekY5d0lSekIwSnpWRW5HaGhieXAtR3BCQko2WG42?oc=5,1763542380,What is the Quarter Zip movement trend? Viral online cultural shift explained - primetimer.com,What is the Quarter Zip movement trend? Viral online cultural shift explained - primetimer.com,runway trend
gnews,news.google.com,https://news.google.com/rss/articles/CBMifEFVX3lxTE9ndVBlLTlsYy1uTjJ3eWhmWXRPcHYyckpRM0hHMnJieUR0UnF5UGNjczZOTDNuTVI2Z3lIUEZpektKamtkdXEyY204dVlJQ09wVGpkTG5kM1ZibVpzNXU4MXNZSmxRZkpFYjUxQlJsdjVhNTFoTV9QREZodWU?oc=5,1763337600,The State of Fashion 2026: When the rules change - McKinsey & Company,The State of Fashion 2026: When the rules change - McKinsey & Company,runway trend
gnews,news.google.com,https://news.google.com/rss/articles/CBMigAFBVV95cUxNblYxcUwwclltbmtwQjJqendvcjVIeHVrQjVfSUhDdjlhNnZEWE5qa0RiNHExaElCWWpCMUVPbUFhekxzN2s1M1U1TS1vRERCbjZ4SUh3WXN3VTBSY25VcElRT1hQUjQ1UFVmQ0psdGZpc0pRSWM3cGNqa21JaTc4Wg?oc=5,1763278200,We’re Almost In The New Year—5 Winter Fashion Trends I’m Leaving Behind In 2025 - Who What Wear,We’re Almost In The New Year—5 Winter Fashion Trends I’m Leaving Behind In 2025 - Who What Wear,runway trend
gnews,news.google.com,https://news.google.com/rss/articles/CBMiY0FVX3lxTE9BR3ZGSm0tTUNUUHhGSkVzU2hzUnF5eVlDSjNUUVRTa212QkhfbjlhRG9WX255YS16amhpbE9sbkJCRVd2Uzg0VG9zZ3h6akRwUE01Z3dncTBPczJDcXhUYnhYMA?oc=5,1759906800,The Spring/Summer 2026 Runway Trend Report - Coveteur,The Spring/Summer 2026 Runway Trend Report - Coveteur,runway trend
gnews,news.google.com,https://news.google.com/rss/articles/CBMiggFBVV95cUxNZlVCdGhCbkZGWnVrT21YaFdmOHlMbGpOLUtlWHBlbTRFbDd5a1RlQk5YckJtNC1Jc3lOTjVlYVdCbDNRYVdFVE44eFlUM3dzNkVtUDVTUlZGM3MxMmJWUE9qVHFPamcxdWlURlhyV3JRVW9sMHNwejRWdXNTZVJ3S3RR?oc=5,1762329600,6 Fall Fashion Trends That Are *Actually* Wearable - Katie Couric Media,6 Fall Fashion Trends That Are *Actually* Wearable - Katie Couric Media,runway trend
gnews,news.google.com,https://news.google.com/rss/articles/CBMiXEFVX3lxTE94UExZZTdrSE1TWUx4cDc5aXV1cUxIb3FpZzhrN2Zwb2hIakV1aE03X0ZiVXU0SS1pZDRma2RheWd5b3NaZHdDWXJTTFg2NmxacFRKUjA2TUU0aVNN?oc=5,1762066800,Granny Print Is the Next Grandma-Inspired Fashion Trend Emerging in 2025 - glamour.com,Granny Print Is the Next Grandma-Inspired Fashion Trend Emerging in 2025 - glamour.com,runway trend
gnews,news.google.com,https://news.google.com/rss/articles/CBMiqwFBVV95cUxQMGJmMWtITmNpMS1zdEhMeDYyV0g4RmI0cXhxYUNnZDdtbmthem5LRXRjdXF1MEl0MHdONzNJWl9YNHBwX0g2UFhpUXlkQmFRNHRCSm9wSVdGdzdHZEx6bFR1TFNaWEg2bzJYVE04OXQ5eUtTQ0xZbUtIY0p5dXh1Wnc5N1QxZWRQZ0w0aW44SDlIV0laVHZOblE3MFU0YTVNeXVIWHF2UVJDd3c?oc=5,1762502400,The Gen Z Fashion Trend That's Baffling Apparel Retailers - Forbes,The Gen Z Fashion Trend That's Baffling Apparel Retailers - Forbes,runway trend
gnews,news.google.com,https://news.google.com/rss/articles/CBMijAFBVV95cUxOTVpIeERZQzQ4MUg2SHBlNVdUc3VXalkyTVcyRG9TYk93bk5hSkxha0VQcllXSExoZFhnWE0zeEI0Q2RLYVFBZGcxZGRUUV9jMzlSS1VYdTZJekR6dS1mbGwwdVYxaWZicGxVUG5aUm10dzBSWWxDaEpEZ1NIajNjRV9YelNKMFJzTDRaRQ?oc=5,1763475840,Winter 2026's Fashion Color Trends Are Already Making a Mark - Marie Claire,Winter 2026's Fashion Color Trends Are Already Making a Mark - Marie Claire,runway trend
gnews,news.google.com,https://news.google.com/rss/articles/CBMi2gFBVV95cUxONGF0dEVPR0xZaVhLNWp4T2UwUWZ2MFZLX3pVQ3M0X3pxenNIRmo3VTktZjNRMVlXUFhndzZKUTg0Z25mRXRLdk00SGhQMUo1M3ltUTNvaktwUUs2dmd0R3kxZWYzNm9kTEJkbldXdXFWNEhuUlFabG5mUXJLcG1PanplSkdVNUg2UzJSTWxSTmlwU19EU3hNeHZfVERRa3REbE1tdGVTN1l3bWo5VFNMbHQ0cWNqZ0hfdTFEY1dBYXEwREZTZjNUYjVRXzRBNTFuUm5vcU43bjctQQ?oc=5,1761634800,Pusan National University Researchers Show How AI Can Help in Fashion Trend Prediction - PR Newswire,Pusan National University Researchers Show How AI Can Help in Fashion Trend Prediction - PR Newswire,runway trend
gnews,news.google.com,https://news.google.com/rss/articles/CBMibkFVX3lxTE9YMmhvMHJrUjVESFhCaE5DeUtlbVF2bkl0MTAyeTlSd2V4bEEtTFN3MFdHcU5hQURBamx2UkpJNDdpUU5ycFA4V1ZNWlo0aVl0OXJ0X0lRbU9jcUZocVZqMEdIM0kyaFFseWVXMTVB?oc=5,1762329600,10 Fall Trends GQ Staffers Are Shopping Right Now - GQ,10 Fall Trends GQ Staffers Are Shopping Right Now - GQ,runway trend
gnews,news.google.com,https://news.google.com/rss/articles/CBMihwFBVV95cUxOQ0REcGhoX2pQZmpsaTVxd0x4ajI0TmpJNFdPdGJyakNWZjJBaS03M1lUd0UwZXV0cXVMYVc0ME9UeFJPbThPU3ZBT1dyRzBjS2pid3JGclBmMUMwVWFlVktZQU9TamlTeGZKbVlBN1NoUEJ2V29OZi04eUlGSDh3WGVlQVFpbjA?oc=5,1763277385,Is a Reform council setting a new fashion trend? - NewsBiscuit,Is a Reform council setting a new fashion trend? - NewsBiscuit,runway trend
gnews,news.google.com,https://news.google.com/rss/articles/CBMiggFBVV95cUxQejBIaVlmWXIxMl81RGJlNjVJalhTcGpMYXdvOWxvalBlV0dFY0hiZXdSamJtR3B3Vkw4ODFDSEZfQXE5RUMyQ1UwZ01mcWkxdURoWVhCcFNPd2JfdENyXzdmVEw4WDdHYXVGR0E3TjVXLWR5bW9XXzYxYzc5aUJqaFB3?oc=5,1762156800,12 Autumn/Winter 2025 Fashion Trends That Will Dominate This Season - Who What Wear,12 Autumn/Winter 2025 Fashion Trends That Will Dominate This Season - Who What Wear,runway trend
gnews,news.google.com,https://news.google.com/rss/articles/CBMiZkFVX3lxTE5LaUlMc1VCNXJ1QUlBX0JXOFNJWkxFVVRHRGQtVGZJSGdUM19za24yWWhsaUx5dllfRjd2cDNqdE5zRHd1ZXdHSXhfZG83WUxGa3RCWHpUZGdHWkN0VnF4MXNYZzRudw?oc=5,1760943600,Fashion’s New Obsession? Clothes That Swallow You Whole - glamour.com,Fashion’s New Obsession? Clothes That Swallow You Whole - glamour.com,runway trend
gnews,news.google.com,https://news.google.com/rss/articles/CBMiggFBVV95cUxNWUtDdXdGTFVoaXhaMk5nU3dhUTdpQk9RNHRfaVpuQ2p6cVVIREtKVzNDUkR4c0lYQ1JINFp3RjkwX19tUWdMV29VUlhfZHJnQ0hwYkxHSjdQZVV0VHFOdTZXZm1MM0RhYkFKRGQ2cHlkMG4zQVlkYkctaGZyR2V0ZU93?oc=5,1763280000,"The Runways in New York, London, Milan, and Paris Confirmed These 6 Coat Trends Will Be Major in 2026 - Who What Wear","The Runways in New York, London, Milan, and Paris Confirmed These 6 Coat Trends Will Be Major in 2026 - Who What Wear",runway trend
gnews,news.google.com,https://news.google.com/rss/articles/CBMihgFBVV95cUxPVElyYnB5eVR5OHg3ZEtxMkQ1dE14N2ZIQ1p5b3FQbnRWY0tpc19wVC1kZlJnLS1iRmxROWpIZjloX0RtV0tCLThVQkpLZkk0X0tMSF9Tc2Q0SzQzMlBRR28yeEczSjVlR2lTeGNmYi1US2Y4N3NSWHp6NmhRajFpbUZVSlBPQQ?oc=5,1761548400,I Can't Stop Thinking About These Runway Trends—So I'm Making Them My Own This Fall - Marie Claire,I Can't Stop Thinking About These Runway Trends—So I'm Making Them My Own This Fall - Marie Claire,runway trend
gnews,news.google.com,https://news.google.com/rss/articles/CBMihAFBVV95cUxOUUVBUEVDdTBUdmxjWWtFNzI2TFAyX2NTNEI0M2pya2dfOURnb19MRTBONHpLalNNb2pHcG13T0FhVGR3bTRRbDhoUEtpX2RZclFWQXp3U3dFbl9DTVRFTFJVMkwtemFnYi1FeHhVUTJpOGo2a1BPZkIyOVdKaEZHYnE0UWs?oc=5,1762156800,The Winter Trends to Start Wearing Now—Before the Mainstream Catches On - Marie Claire,The Winter Trends to Start Wearing Now—Before the Mainstream Catches On - Marie Claire,runway trend
gnews,news.google.com,https://news.google.com/rss/articles/CBMioAFBVV95cUxQcFpUZHZMWXdJd0FWRmthQjVhckdYcnhZSDE0TmNBX1pDdWt1dFJGbVNwMkZHOGxjalJZb3QyVUtUZHZCTjZLdTZDOHR1QXFLcGxZSjNqUHlDNUtUN21NNXd2ckdHT0dFbnByMk1aMWlJY1o0clBLM3lYZGJqc0c5SFllMXoxQVdlaF9WdjJFdi1HdTFiOXVUNFhMLWdELXdl?oc=5,1760338800,Our Favorite Trends from Paris Fashion Week - Harper's BAZAAR,Our Favorite Trends from Paris Fashion Week - Harper's BAZAAR,runway trend
gnews,news.google.com,https://news.google.com/rss/articles/CBMikAFBVV95cUxQaEJiWm83SmZaQkFkTDIwa2c1RGtHNXlzcDdLek1QRnlySjRLakxYZjgtV2I3ZHh0R0FQcVFFM2hFdDExeW9FZzZMbU9zMlpyRzdveFBfWHNOcEVtOS14WndXQ2xVc1NvektTR1gxUFF0U0dVZkZsUjNOaGlETEpDZG1RcEdGWTZpNWtTWGVhaTI?oc=5,1759993200,I Just Got Back From Paris Fashion Week—These Are 6 Key Trends I Know Will Matter Next Season - Who What Wear,I Just Got Back From Paris Fashion Week—These Are 6 Key Trends I Know Will Matter Next Season - Who What Wear,runway trend
gnews,news.google.com,https://news.google.com/rss/articles/CBMibEFVX3lxTE80ZUxwM2g2U1ZYeVg1cGhZZUZORGQzWFFDUlZsclA5UVFZblAxd2Y2ZEpsZmtLbHc5MExsUVlpR2ItTEVaNExyX0prMTN4amMtbVdJUVFWYlBzQ2NFUEVMaUEzSmNUZFhWY2ZKdw?oc=5,1763362800,Manicurists Say These Are the Nail Trends Everyone Will Be Wearing This Winter - Marie Claire UK,Manicurists Say These Are the Nail Trends Everyone Will Be Wearing This Winter - Marie Claire UK,runway trend
gnews,news.google.com,https://news.google.com/rss/articles/CBMiZEFVX3lxTE9KZjRhRnlHZVJ6REd3MjkxSXQxRnMtRXRHd1dFWUxwdWlJZWdfQUh3LVhIZXRpMjFnQ2NhVFlfSDQtMkJyaTFWQ3QxQmxqd2g0LXE2OHVSV2lWa1dKUFNDdGlHNzU?oc=5,1759820400,15 Fashion Trends To Try Out in 2025 - Teen Vogue,15 Fashion Trends To Try Out in 2025 - Teen Vogue,runway trend
gnews,news.google.com,https://news.google.com/rss/articles/CBMiggFBVV95cUxOZ3k1a053U1ZQdEsxbFFMcWQtdkpDX1RIMkR0WkdJbElQWWtPaEc2Vm43bHkxcUpSLXRSekJZeHlfUE55Sm5DMWhXd2NJVXdzbGx5QXJzVno2ZkhydHhEclRZam1ENDlIX1JLOFh6Sk1remcxMEJhNGFMNHNwdXhTVXNB?oc=5,1762495200,How to Nail the Coffeecore Fashion Trend - Vogue Arabia,How to Nail the Coffeecore Fashion Trend - Vogue Arabia,runway trend
gnews,news.google.com,https://news.google.com/rss/articles/CBMiX0FVX3lxTE5NdTNacTFZOXNvZmJmbGhLQVRUampoYVJsVmVQamQ2Zk5nTnVtZE96WmdBVlhPeW05QXQxanJLV0VsWlVZdGQ0eUY0RlE5aFR2VEcxZk1nODNBbEJnMDg4?oc=5,1760338800,"Horse Girls, Rejoice: Equestrian Fashion is This Fall’s Defining Aesthetic - The Everygirl","Horse Girls, Rejoice: Equestrian Fashion is This Fall’s Defining Aesthetic - The Everygirl",runway trend
gnews,news.google.com,https://news.google.com/rss/articles/CBMigAFBVV95cUxOcThXX2FoMGh2cTVFWmRyWU5hekhCMlB3bEwzMjFIM2xXeU9GVU12NzM3X2o2VlR0WEtqUnRKRUpZUkFXSE9McWhYeXJrZV9tQnJrUkVabEFoOTdLSVkybGwzUUt5VHVsQkk5Y1RYYzQ1RWNVdG9Yc3BvMHlIV0xuZw?oc=5,1759906800,Spring 2026 Fashion Is Running It Back to the '80s - Marie Claire,Spring 2026 Fashion Is Running It Back to the '80s - Marie Claire,runway trend
gnews,news.google.com,https://news.google.com/rss/articles/CBMifEFVX3lxTE51TGNCN1E1TW92VThxVm81Z1RkbllVZVkwdHgyRXBtY2R5UmNIcF8wOHh3UGl2SUh3RGdNVkdSdGVmRE1uZEJOYTlXa0dVZVFBWVdteHpFbXk0TzM2c2laWWZaVmpyWC03bXgweDJMQjlKdVNaaGVLUTZFYnI?oc=5,1760079600,These Are the 6 Biggest Trends to Know From Paris Fashion Week - Who What Wear,These Are the 6 Biggest Trends to Know From Paris Fashion Week - Who What Wear,runway trend
gnews,news.google.com,https://news.google.com/rss/articles/CBMicEFVX3lxTE5OUHFIc094WDR1c3IzY1RMMFJQcFZWVjBiVU83NnMtd2JITTZ5THJoOHBONlZrTW5FYlNpUk1TQWE4OEtHSEZOQm1GVVExSk45d1U0M1hNbnBiTjN5eVkzUnVXM2d2ZUJVNnRVUXkxWU8?oc=5,1760684400,The Biggest Spring 2026 Fashion Trends Allow You to Choose Your Own Style Adventure - Marie Claire,The Biggest Spring 2026 Fashion Trends Allow You to Choose Your Own Style Adventure - Marie Claire,runway trend
gnews,news.google.com,https://news.google.com/rss/articles/CBMimgFBVV95cUxQVXBtSHN6VGp5eEF5QUFwZzlLSEZzbGRuZ1ZlbHNRaThtRUZhanFfc252WXpnZTU1UkdISjNOaGhWQ0E5ZXhaUU5pcEhsX1JQUWU1Z2x0eW9hRzVtaWVqMm1POUJSUnFUYUxuQlpEcl9MbGtoSEtlTzc3SVVPeUlTVnpOV2VORDR4OU5Xd1pBQjI5ZnJKT1BiMUZR?oc=5,1759906800,Parisian It Girls Have Spoken: These Are the Street-Style Trends to Know for Fall - Marie Claire,Parisian It Girls Have Spoken: These Are the Street-Style Trends to Know for Fall - Marie Claire,runway trend
gnews,news.google.com,https://news.google.com/rss/articles/CBMikAFBVV95cUxNN1BxOVZSTDNYTDJuVU1iYU1md0QyY0ZfZGNBOS1VTzA3U2V3bElzNzhfWlA3dmZacWVVcGtjV2JYRm54djB0ZTIySjBpQnU5eFg5Z3BOSUw2Sk5nUjFUR3JfUjRneGtTMlRTSDRkNDFHajNrR0lhWHhGOFU0bVZ6U0FBcHpIS0FhRmJKSGNVZ04?oc=5,1762502400,TikTok Turns Bull Nose Rings into 2025 Fashion Trend - AGDAILY,TikTok Turns Bull Nose Rings into 2025 Fashion Trend - AGDAILY,runway trend
gnews,news.google.com,https://news.google.com/rss/articles/CBMifkFVX3lxTE52dTVmdHJ6Nzc4QXpnY2RDUUVWQ2Z2ZGtYYm9sVmV3ZktCOVFUbFphZWZNc2phNC1CeEtDcDd2Qi1XZjU2a0ZxQ0JVNFNjMWJEcWEzMzdZeXVuTDhhNGxKb0dPZEw2ZkNkNE1VUXZpVG03a24tZklxcjM3bE03UQ?oc=5,1759820400,The Best Fall Fashion Trends to Shop Right Now - Harper's BAZAAR,The Best Fall Fashion Trends to Shop Right Now - Harper's BAZAAR,runway trend
gnews,news.google.com,https://news.google.com/rss/articles/CBMi3AFBVV95cUxOMUxwZ2oyREpBcGtFcWNydTQ1d0UtZE5rMnRQZjh6ODY1MHV6NG1kbFhVVmx4aV9TcURVMklIdmh6VUxkeWExdmJDVWlGN1V5eWVpR0xZbnRCOUZRR1JUUDVYYUhSblozbHFYMHRZcVJpUVlOR0pjWlNOWGU4ZDk2bkJ2V2Q1MmoweVJpNGxtdFQ5WG5wZUpFN3lpcm80WjlxNnJackdWemxzNUhKOGdwa1ZpMlRqM005WGhmRlFTTFk1VU5nMnBBQ2xNX0syal9JUHRyRG02N21hS3dj?oc=5,1760511600,"The Spring 2026 Accessory Trend Report: 175 Bags, Statement Belts, and Nouveau Flip-Flops That You’ll Want Next Season - Vogue","The Spring 2026 Accessory Trend Report: 175 Bags, Statement Belts, and Nouveau Flip-Flops That You’ll Want Next Season - Vogue",runway trend
gnews,news.google.com,https://news.google.com/rss/articles/CBMiowFBVV95cUxQdWVTbkpzSEh2Y24tbjlwbEwwTE9fQ2ozREtpeEpvTE5icTYxejMxSzRLSEtRU01McU1RZ29RaThBcEdpdmtWeklnTW14eDJKX2Z5VmhWdUJ5ZFc1bWY1R3dDNl9sMDZfeTRLVnBfZTVMYUJ4QWxlZ21zazJRTkNoZzhLRE1palJ4dWVrbHBqbmNnUEpscUg2ZUlIYi1tQ1puVTI4?oc=5,1760079600,The 2025 Fall Fashion Trend Inspo You Need For This Weird Weather - Girls' Life,The 2025 Fall Fashion Trend Inspo You Need For This Weird Weather - Girls' Life,runway trend
gnews,news.google.com,https://news.google.com/rss/articles/CBMikgFBVV95cUxQamFqR1VyTzdlcGluVFZlY2JFMVJSSFpoTnBxNE9yQmJMdXg1UlgweXY1dkktQUdwSTdTOEFibDRUZzRtOU5OV2UtMWdkMkJkRXh0N1oyOHBBcXdtWHl0N1phNzlwNF9uQU01RlpEbEZVeXJCY25NY0JPbXZBeGNyLS1YTlUzLWNCUjEzTG9SZWxwUQ?oc=5,1760684400,Fashion Insiders Say Chocolate Brown Is the Color of Fall 2025 - ELLE,Fashion Insiders Say Chocolate Brown Is the Color of Fall 2025 - ELLE,runway trend
gnews,news.google.com,https://news.google.com/rss/articles/CBMihAFBVV95cUxQdGtLczgzN1NNZFlkNzEydDJWcWllMWZoS0ltQ2x5LVFhSlJHZ2ZYU1ZLUzIwRG5HUURJblJCRWNPUmFlMzV1emZtMjYxZmRBcjQzTmxkZWp5ZGltdlQ1c0lPbzlWN2d0M04xTnlreWM3VkUyYm1YaUI2U0lnOUd1WmM2a28?oc=5,1759820400,The Unexpected Handbag Trend Taking Over Fall Fashion - ELLE,The Unexpected Handbag Trend Taking Over Fall Fashion - ELLE,runway trend
gnews,news.google.com,https://news.google.com/rss/articles/CBMifkFVX3lxTE9CdUY5enkwOHV4aU54aHo1alg5RGRDSkt6SjNJM2UtLVNCbExGM3BOMDdsOHh2YjJjcVhabkxuZnZtYkF0Vi1lNTN3djAzX25KSnM3SjVhZUoxanluaUpkYlZXSTFKNEdXOFNVQ0VkVGJfS1hQYXlCSER3SkUwQQ?oc=5,1760857200,7 Minimalist Trends To Steal From The Most Recent Runways - Who What Wear,7 Minimalist Trends To Steal From The Most Recent Runways - Who What Wear,runway trend
gnews,news.google.com,https://news.google.com/rss/articles/CBMipgFBVV95cUxQRF9ua0VUcm1sM0h1VDRtVGUwNnVCWUpVR2R4eVVtLVlVYTJuT3VFV0RuX1BuQ3FpZUl6Q2x0WGtxeHAzMzJ0emNDWF9RQzVFaXBMeWFCSlJTMFNUU0dabElPYk0tUjZsVUdScWFKSzZxb3VxM1pNcmowVW4xQjVkQi1yTW9MTUVjNFdQTk9SM0VaY1Rfb1UyUHBXcEc4OE83cllFN0hn?oc=5,1760338800,What Are You Wearing? The 11 Street Style Trends of the Spring 2026 Season - Vogue,What Are You Wearing? The 11 Street Style Trends of the Spring 2026 Season - Vogue,runway trend
gnews,news.google.com,https://news.google.com/rss/articles/CBMiZkFVX3lxTE1jOURfZmdoRnB6VFFRWjdjdWJSLVpob1ROU3VvWm9iVU9fRHBzOGpVelNYN0lFR1VBYldVZDFLamhKbnlpY0UwdTJNSzZkdE8tbWNqUVJIRW5OTG1wd2s3aGtLSmhfZw?oc=5,1760511600,How to Nail the Western Boots Trend Without Going Full Cowgirl - Vogue,How to Nail the Western Boots Trend Without Going Full Cowgirl - Vogue,runway trend
gnews,news.google.com,https://news.google.com/rss/articles/CBMiogFBVV95cUxNSUZMTVBIY0JxMjVEMVFQajhxREhtOGRYb0l2S0kwenpYV2Vfb1paZmJZTGQ0RkluQUt3Y0J3TWt2OFNoR3JRNl82Zm0zdWhOMXlsNEdpZlhVMmNYdXkwVGYzTnk5bEFFd0Q0TWo3ZlFneS1lSllBUEluakp6WUEwOEdseWRxV0daaWNmcjlValQxWFlsSjJmdVp3Tzd5LWVpbkE?oc=5,1760079600,A New Fall Color Has Entered the Chat: Burgundy—Here’s How To Style the Wine Red Trend - E! News,A New Fall Color Has Entered the Chat: Burgundy—Here’s How To Style the Wine Red Trend - E! News,runway trend
youtube,,https://www.youtube.com/watch?v=fuQBMB8VPzs,1763563068,MEN&#39;S Best Winter Look with a STYLISH Blazer? #shortsfeed #fashion #mensfashion #blazer,MEN'S Best Winter Look with a STYLISH Blazer? #shortsfeed #fashion #mensfashion #blazer #blazer #blazerstyle #blazeroutfit ...,men's fashion trends
youtube,,https://www.youtube.com/watch?v=GIQi73HaAW0,1763560823,The Most Horrifying Fashion Trends,"Ready ho jao hasi ke blast ke liye! Yeh funny video aapko itna hasayegi ki aap repeat per dekhoge. Comedy, memes, funny ...",men's fashion trends
youtube,,https://www.youtube.com/watch?v=3NpdrjiQyTI,1763557208,Actress Fashion and Style #beauty #fashion #fashiontrends #model,Actress Fashion and Style #beauty #fashion #fashiontrends #model how to style clothes for girls mouni fashion fashion city ...,men's fashion trends
youtube,,https://www.youtube.com/watch?v=dP3RkyV8nZw,1763555462,H&amp;M Leather Jacket Haul 2025 🧥🔥 | Best Winter Jackets &amp; Outfits for Men,Men's Winter Jackets 2025 | H&M Haul & Styling Guide Join Discord https://discord.gg/JvFE4bnqaR 🛍️ Product Buying Links ...,men's fashion trends
youtube,,https://www.youtube.com/watch?v=pBSHj11otio,1763553703,How to Dress Like an Italian. Men&#39;s Style Guide.,italianmenswear #mensstyleguide #wintermensfashion #mensfashion #mensstyle #menswear #menswearclothing ...,men's fashion trends
youtube,,https://www.youtube.com/watch?v=t3NE3MLwPsc,1763546024,Mens &amp; Omens Fashion Clothing (@RKYMART),"Product Range: This includes a wide variety of clothing items such as shirts, trousers, jackets, suits, jeans, dresses, skirts, etc., ...",men's fashion trends
youtube,,https://www.youtube.com/watch?v=zMGCwKyi9bg,1763534883,&quot;Watch THIS MEN&#39;S FASHION 🤯 Epic Clothing Transaction,Watch THIS Before You Buy! Epic Clothing Transaction You Won't Believe!** Are you ready to uncover the shocking world ...,men's fashion trends
youtube,,https://www.youtube.com/watch?v=8xhWw6C2zn4,1763534100,The Most INSANE Winter Fashion Trends (2025),The Most INSANE Winter Fashion Trends (2025) FOR ORDER WHATSAPP 7011589971/9318489017 WORLD WIDE ...,men's fashion trends
youtube,,https://www.youtube.com/watch?v=ZXJ_umWETU0,1763531898,Mens &amp; Omens Fashion Clothing (@RKYMART),"Product Range: This includes a wide variety of clothing items such as shirts, trousers, jackets, suits, jeans, dresses, skirts, etc., ...",men's fashion trends
youtube,,https://www.youtube.com/watch?v=wra9bjfjblQ,1763527759,Mens &amp; Omens Fashion Clothing (@RKYMART),"Product Range: This includes a wide variety of clothing items such as shirts, trousers, jackets, suits, jeans, dresses, skirts, etc., ...",men's fashion trends
youtube,,https://www.youtube.com/watch?v=M9EpgYJnVOg,1763526462,#fashiontrends#fashionKhatu Shyam Ji fashion point#fashion,fashiontrends#fashionKhatu Shyam Ji fashion point#fashion.,men's fashion trends
youtube,,https://www.youtube.com/watch?v=4Y3RD-Jat68,1763525899,Winter Jackets Collection😯,here is your all products links (press the link for long) https://www.wishlink.com/fashioncollection3415/post/3393396 Your Enquiry ...,men's fashion trends
youtube,,https://www.youtube.com/watch?v=phfB8D7Id7k,1763481691,🔥 Latest Men’s Shoes Fashion 2025 | Stylish Footwear Trends for Every Look 👟✨  #fashion #shoes,"Step up your style with the latest men's shoes fashion 2025! From casual sneakers to formal dress shoes, and from party styles ...",men's fashion trends
youtube,,https://www.youtube.com/watch?v=4itMwLH0OyU,1763481606,Black men&#39;s Fazhion #fashiontrends #king #song,,men's fashion trends
youtube,,https://www.youtube.com/watch?v=3MgF6HseKHA,1763478595,Shirt fitti.👍🏻#worldtailor #sewing #fashiontrends #fashionstyle #clothing #style #fashion #shorts,,men's fashion trends
youtube,,https://www.youtube.com/watch?v=8LJMomj2GL0,1763475565,Winter trend 2025,"Winter 2025 is all about layering smart and staying sharp. From oversized coats and textured knits to minimal leather accents, ...",men's fashion trends
youtube,,https://www.youtube.com/watch?v=QqdjPrIaXIo,1763474721,Try ThisTrending Casual Outfit&#39;s Once😃|#fashiontrends|#shortsfeed|#shorts|#trendingshorts|#menswear,Try This Trending Casual Outfit's Once  #fashiontrends #shortsfeed #shorts #trendingshorts #menswear #mensfashion ...,men's fashion trends
youtube,,https://www.youtube.com/watch?v=WbOvejolGxw,1763469725,Formal dress for men 🔥,here is your link (press the link for ling ) https://www.wishlink.com/fashioncollection3415/post/3388305 Your Enquiry outfit ideas ...,men's fashion trends
youtube,,https://www.youtube.com/watch?v=Ag9MzJSfqxk,1763465418,Top Trending Men’s Fashion Show Look 🔥 #howtostyle  #viral #style #shorts #fashion,Step up your style game with TUKAT Fashion From streetwear to luxury looks — we bring you outfits that speak confidence and ...,men's fashion trends
youtube,,https://www.youtube.com/watch?v=SepR9b48U1I,1763456220,Avoid These Things If You Are Skinny 👦❌|Fashion| #mensfashion #shorts,Avoid These Things If You Are Skinny ❌|Fashion| #mensfashion #shorts Related Searches ÷ fashion tips for skinny guys ...,men's fashion trends
youtube,,https://www.youtube.com/watch?v=au422d_CwBs,1763455160,“Top Fashion Trends 👗👔 Men &amp; Women | Elegant Outfit Ideas to Shine This Season ✨🔥”,Discover the Top Fashion Trends for Men & Women — where confidence meets timeless elegance From bold streetwear to ...,men's fashion trends
youtube,,https://www.youtube.com/watch?v=KplPQ_8pvOE,1763439029,Order now ✨Best lowers for winter | Warm lowers | Men’s clothing #mensfashion #menswear,ORDER YOUR FAVORITES NOW ✨ Just send us a WhatsApp screenshot of the articles you want! ✓ Contact: 7678455334 ...,men's fashion trends
youtube,,https://www.youtube.com/watch?v=cj6oflAg_fA,1763437951,WINTER COMBINATION✅#winteroutfitinspo #outfit #combination #viralvideo #mensfashion #fashiontrends,BEST WINTER COMBINATION FOR MENS ✓ follow me on instagram @arthwer . #outfit #mensfashion #menswear ...,men's fashion trends
youtube,,https://www.youtube.com/watch?v=AJkde4jOnvk,1763400405,Top Men’s Outfits 2025🔥New Fashion Trends You Must Try#shorts #fashion #outfit #outfitideas #explore,Top Men's Outfits 2025  New Fashion Trends You Must Try #youtubeshorts #youtube #reels #viral #viralvideo Queries Discussed ...,men's fashion trends
youtube,,https://www.youtube.com/watch?v=AIuW2I_wAuE,1763400415,Top Men’s Outfits 2025🔥New Fashion Trends You Must Try#shorts #fashion #outfit #outfitideas #explore,Top Men's Outfits 2025  New Fashion Trends You Must Try #youtubeshorts #youtube #reels #viral #viralvideo Queries Discussed ...,men's fashion trends
youtube,,https://www.youtube.com/watch?v=MatcVGHW4gA,1763560551,Coca cola 2 New Song Casualwear Women Fashion Boutique Haul Style Outfit Dress #fashion #newsong,Coca cola 2 New Song Casualwear Women Fashion Boutique Haul Style Outfit Dress #fashion #newsong #winterfashion #outfit ...,women's fashion trends
youtube,,https://www.youtube.com/watch?v=3NpdrjiQyTI,1763557208,Actress Fashion and Style #beauty #fashion #fashiontrends #model,Actress Fashion and Style #beauty #fashion #fashiontrends #model how to style clothes for girls mouni fashion fashion city ...,women's fashion trends
youtube,,https://www.youtube.com/watch?v=fMpTgmoukfE,1763556901,Stylish Kurta Fashion Trends🌟💕,Description Discover the latest and most stunning One Piece Dress designs for 2025! From elegant party wear to casual chic ...,women's fashion trends
youtube,,https://www.youtube.com/watch?v=whw0zhBxwe4,1763553306,New Spring Round Sleeve Women’s Fashion | Trendy Patchwork Outfit 2025#fashion #viral #shorts,Fresh spring look for women! Stylish round-sleeve patchwork outfit — perfect for casual & modern fashion lovers. Comfort + ...,women's fashion trends
youtube,,https://www.youtube.com/watch?v=UXxOE3k2m9s,1763551830,sweatshirts haul for women &amp; girls #winterfashion #ootd #fashionstyle #fashion #fashiontrends,sweatshirts haul for women & girls #winterfashion #ootd #fashionstyle #fashion #fashiontrends.,women's fashion trends
youtube,,https://www.youtube.com/watch?v=ar37Re_i2BQ,1763551803,Dil pe chalai churiya💔#fashiontrends,Dil pe chalai churiya  #fashiontrends #trendingshorts #youtubeshorts #shortvideo.,women's fashion trends
youtube,,https://www.youtube.com/watch?v=FGUiAeSkx24,1763550900,Top Women&#39;s Fashion Trends You Need in 2025#outfitideas,,women's fashion trends
youtube,,https://www.youtube.com/watch?v=mm-kReZ9tVA,1763546491,"Ini Tas cocok banget buat kerja, wajib punya sih #taswanita #fashionstyle #fashiontrends #slingbag",,women's fashion trends
youtube,,https://www.youtube.com/watch?v=xkma-x34NwE,1763544810,#Slimming Outfits For Middle Aged And Older Women Fashion #Women Fashion Trends,"Discover the latest jeans, trousers, tops, shirts, dresses, kurti, dupatta, abaya, casual wear, office wear, party wear outfit ideas for ...",women's fashion trends
youtube,,https://www.youtube.com/watch?v=ndSQaT7jcVk,1763542309,saree #fashiontrends #shotsfeed #viralvideo,,women's fashion trends
youtube,,https://www.youtube.com/watch?v=P9zbQ38_c84,1763538085,hothon ki lipstick kahan gai #love #facts #fashiontrends #trending #funny #comedy,,women's fashion trends
youtube,,https://www.youtube.com/watch?v=3CjP8TjVmV4,1763538001,Formal Fashion Trends 🌟 #dress #formalwear #partydress #fashion #unfrezzmyaccount #shorts #trending,Formal Fashion Trends #dress #formalwear #partydress #fashion #unfrezzmyaccount #shorts #trending #formaldress #party ...,women's fashion trends
youtube,,https://www.youtube.com/watch?v=YoFr4WT7q_U,1763536268,You never seen Chinese Angels  Ep.020✨🖤 | Fashion Style #viral #shorts #USA #beautiful,"Welcome to Street of Love – the place for the hottest fashion trends and style inspiration! In this video, we feature beautiful girls ...",women's fashion trends
youtube,,https://www.youtube.com/watch?v=MwJGAXGVWOE,1763535159,Dekho Tum wapas jao #fashiontrends #trending #funny #comedy #ekmotahathighumechala #love #viralvideo,,women's fashion trends
youtube,,https://www.youtube.com/watch?v=nrPqChiMwGo,1763532344,Perfect pants 👖😍 #fashiontrends #womensnewcollection #ytshorts #shortvideo #womensnewcollection,Perfect pants #fashiontrends #womensnewcollection #ytshorts #shortvideo #womensnewcollection.,women's fashion trends
youtube,,https://www.youtube.com/watch?v=_z4P_RreEyc,1763531574,"Пока не поздно: тренд 2026, о котором скоро заговорят все","То, что станет модным в 2026 — узнай раньше остальных, подписывайся на канал #мода #стиль #шопинг #тренды.",women's fashion trends
youtube,,https://www.youtube.com/watch?v=9G5zDRdMxlM,1763531513,latest fashion #fashiontrends,latest fashion #fashiontrends please like share and subscribe.,women's fashion trends
youtube,,https://www.youtube.com/watch?v=MWS0k7G1M60,1763530224,Must-See Jumbo Fashion🌸 Stunning Outfit Trending Glam Looks 2025 Floral Frill Beach Dress #Shorts,Must-See Jumbo Fashion   Stunning Outfit Trending Glam Looks 2025 Floral Frill Beach Dress #Shorts @jambofashion ✨ Hey ...,women's fashion trends
youtube,,https://www.youtube.com/watch?v=qv023_ouP38,1763528709,How to dress 👗 #fashionideas #fashionideas #dressoutfitideas #viral #trending #fashiontrends #style,,women's fashion trends
youtube,,https://www.youtube.com/watch?v=UhvdC-Vd3To,1763526490,winter outfit for girls and women #winterfashion #fashion #fashiontrends #fashionstyle #outfit,winter outfit for girls and women #winterfashion #fashion #fashiontrends #fashionstyle #outfit.,women's fashion trends
youtube,,https://www.youtube.com/watch?v=dUcJQiC_Njk,1763523601,Chinese Street Fashion v432 #fashionstyle  #fashion #tiktok #shorts #streetfashion #fashiontrends,,women's fashion trends
youtube,,https://www.youtube.com/watch?v=4MqdH_KGfiM,1763522153,formal dress design ideas #fashiontrends #viralshort,formal dress design ideas #fashiontrends #viralshort.,women's fashion trends
youtube,,https://www.youtube.com/watch?v=oRsSiPtMaJM,1763521256,Stunning Plus Size Model Ramp Walk  #shorts #fashion #aifashionworld,Stunning Plus Size Model Ramp Walk Welcome to AI Fashion World Can you believe this model was created entirely by ...,women's fashion trends
youtube,,https://www.youtube.com/watch?v=Dv0_sW1dcbQ,1763521229,Baba ke sath froad #unfrezzmyaccount #khwahishgal #stitchtricks #fashiontrends #stitchboutique,Baba ke sath froad #unfrezzmyaccount #khwahishgal #stitchtricks #fashiontrends #stitchboutique.,women's fashion trends
youtube,,https://www.youtube.com/watch?v=JUKE1BXWyNo,1763519606,Gourav ke sath ye kya hua#fashiontrends #shortsfeed #comedy #trendingshorts #trend,,women's fashion trends
youtube,,https://www.youtube.com/watch?v=OCoVYcOYO2Y,1763560848,TOP 3 ofertas reales de Black Friday en streetwear 🔥💸 #blackfriday2025  #streetwear  #streetwear,,streetwear 2025
youtube,,https://www.youtube.com/watch?v=ssr0IW3WbWc,1763555481,MEN&#39;S FASHION LOOKBOOK2025 #ootd,"Discover the best outfit ideas for boys/men! In this video, I show simple, stylish, and affordable fits you can wear for school, casual ...",streetwear 2025
youtube,,https://www.youtube.com/watch?v=5Obp396p-qI,1763553612,La miglior giacca per questo inverno 2025,"Le fleece jacket stanno per prendersi l'inverno 2025 e no, non è l'ennesima “tendenza che nessuno userà”. Queste tornano ...",streetwear 2025
youtube,,https://www.youtube.com/watch?v=TuxCrjWhDFs,1763550291,Vintage x Streetwear: The 2025 Vibe You Need ✨,HOOOYI Wide Leg Pants With Side Stripes HOOOYI Faux Leather Plush Aviator Trooper Trapper Hat Link in Bio.,streetwear 2025
youtube,,https://www.youtube.com/watch?v=rhkCgcw3Nkc,1763550103,🔥 Cómo Incorporar el Estilo Streetwear en tu Look Diario (2025 Edition) 🧢👟 #parati #harajukustyle,El arte de vestirse con actitud: descubre cómo dominar el streetwear sin perder tu esencia. #Streetwear2025 #UrbanStyle ...,streetwear 2025
youtube,,https://www.youtube.com/watch?v=zlX4XixNQaM,1763540209,Must have Fall 2025 🍂 | #fashion #streetwear #outfitideas #clothingbrand #fypage #affordablefashion,,streetwear 2025
youtube,,https://www.youtube.com/watch?v=vUrMxjBc41g,1763536099,Zudio winter collection # #fashionideas #zudioindia #zudioethnicwear #zudioootd  #trending,Zudio #ZudioIndia #ZudioStyle #ZudioWinterCollection #ZudioWinter2025 #ZudioLookbook #ZudioOOTD #ZudioFinds ...,streetwear 2025
youtube,,https://www.youtube.com/watch?v=rmgV2RvRTxM,1763536085,VIMLY Women Streetwear Long Woolen Coat Winter 2025 Office Lady Lapel Jackets Elegant Simple Overcoa,VIMLY Women Streetwear Long Woolen Coat Winter 2025 Office Lady Lapel Jackets Elegant Simple Overcoat Thick Outerwear ...,streetwear 2025
youtube,,https://www.youtube.com/watch?v=NSuCwTGZGcw,1763535641,07/12/2025 19H Mindzen - Blue night hoodie 🔵 #brand #clothingbrand #streetwear #mindzen #fypシ゚viral,,streetwear 2025
youtube,,https://www.youtube.com/watch?v=8xhWw6C2zn4,1763534100,The Most INSANE Winter Fashion Trends (2025),The Most INSANE Winter Fashion Trends (2025) FOR ORDER WHATSAPP 7011589971/9318489017 WORLD WIDE ...,streetwear 2025
youtube,,https://www.youtube.com/watch?v=PVkhHkmDM2M,1763518310,#fashion #streetwear #dance #mashup2025 #sisters,,streetwear 2025
youtube,,https://www.youtube.com/watch?v=vTHwKT1E43g,1763511514,POP FASHION Winter Jacket Try-On | Streetwear Look 2025 | THE BOY WEAR#baggyjeans #fashion #shorts,POP FASHION Winter Jacket Try-On | Streetwear Look 2025 | THE BOY WEAR#baggyjeans #fashion #shorts “Namaskar dosto!,streetwear 2025
youtube,,https://www.youtube.com/watch?v=a7hHQGrsnkQ,1763510084,Which Outfit Do You Like Most? | Fall Fashion 2025 Lookbook,"Step into the cozy charm of Fall Fashion 2025 with this curated lookbook featuring stylish, modern, and wearable outfits for the ...",streetwear 2025
youtube,,https://www.youtube.com/watch?v=Zi73_l95BYU,1763507915,JORDAN 1 LOW CHICAGO 2025 #nike #jordan #streetwear #viral #parati,,streetwear 2025
youtube,,https://www.youtube.com/watch?v=_BzvawCRhAI,1763505525,Nike baggy Jogger link in bio🔗 #streetwear #joggers,"Streetwear inspo 2025 From hoodies, jorts, caps to the latest sneaker drops – this Short brings you the best streetwear ...",streetwear 2025
youtube,,https://www.youtube.com/watch?v=-KG4e1HpJt4,1763497740,#abonnetoi #outfit2025 #streetwear #clothing #fromthestart #laufey,modèle capcut pour mes outfits streetwear 2025.,streetwear 2025
youtube,,https://www.youtube.com/watch?v=cmDsyAfH3mw,1763495830,18 November 2025,"3 Colorways, Same Classic Vibe — Grey • Brown • Black ✨ In this video, I'm showcasing one of the cleanest sneaker designs ...",streetwear 2025
youtube,,https://www.youtube.com/watch?v=ILO4qZ2j2Xs,1763492384,أفضل موضة 2025,,streetwear 2025
youtube,,https://www.youtube.com/watch?v=NsFOcXlwEEk,1763488620,CHIC FALL-WINTER 2025: LAYERING FOR MORE THAN JUST SOUL WARMTH,fashion #style #streetstyle #haul #outfit #trends #moda #shopping #shop #streetwear CHIC FALL-WINTER 2025: LAYERING FOR ...,streetwear 2025
youtube,,https://www.youtube.com/watch?v=5cjj0nOYoxg,1763485210,Jersey unisex streetwear dryfit #review #jersey #oversizedclothing #streetwear #dryfit,,streetwear 2025
youtube,,https://www.youtube.com/watch?v=nwE2JUkzJK4,1763479805,🔥 Graphic Sweatshirt Combo @ ₹450 | Winter Sale 2025 | Streetwear Trend | Best Budget Deal🔥 #shorts,WINTER SALE IS LIVE! Get this stylish Graphic Sweatshirt Combo at just ₹450 Trendy street-style design + premium fabric + ...,streetwear 2025
youtube,,https://www.youtube.com/watch?v=EfZzv-b-hpE,1763472630,H&amp;M Winter Haul 2025 - I Can’t Believe This Is H&amp;M,H&M Winter Haul 2025: Trendy Looks You NEED (Cozy Must-Haves!)❄️ #h&m #winter #fashion #winterfashion #fallfashion ...,streetwear 2025
youtube,,https://www.youtube.com/watch?v=zuE6bTxNyx0,1763471106,Nickron Sneakers | Premium Streetwear Sneaker Drop 2025,"Step into style with the new Nickron sneaker drop! Clean design, everyday comfort, and streetwear energy — perfect for Gen Z fits, ...",streetwear 2025
youtube,,https://www.youtube.com/watch?v=lg0wCBAtf6o,1763469783,2025 Hypebeast Fit Check 🔥 Too Much Logo or Just Right? #Streetwear #HypebeastStyle #StreetwearFash,,streetwear 2025
youtube,,https://www.youtube.com/watch?v=A8laEOn4XTo,1763463622,My LUXURY Streetwear Wardrobe: Must-Have Pieces for 2025 #summerlifestyle #beauty #denim #beautyinsp,"""Ever wonder what it *really* takes to elevate your everyday style from basic to breathtaking? Forget fast fashion; we're diving ...",streetwear 2025
